Customer ID,Monetary,Frequency,Recency,Cluster,Segment
1,53,1,36,3,Clientes VIP
2,64,1,48,3,Clientes VIP
3,73,1,27,3,Clientes VIP
4,90,1,1,2,Clientes en Riesgo
5,49,1,19,1,Clientes Leales
6,20,1,36,1,Clientes Leales
7,85,1,1,2,Clientes en Riesgo
8,34,1,31,1,Clientes Leales
9,97,1,42,3,Clientes VIP
10,31,1,46,1,Clientes Leales
11,34,1,24,1,Clientes Leales
12,68,1,40,3,Clientes VIP
13,72,1,13,0,Clientes Ocasionales
14,51,1,19,0,Clientes Ocasionales
15,53,1,16,0,Clientes Ocasionales
16,81,1,42,3,Clientes VIP
17,36,1,6,2,Clientes en Riesgo
18,38,1,14,1,Clientes Leales
19,48,1,33,3,Clientes VIP
20,90,1,4,0,Clientes Ocasionales
21,51,1,0,2,Clientes en Riesgo
22,62,1,28,3,Clientes VIP
23,37,1,18,1,Clientes Leales
24,88,1,10,0,Clientes Ocasionales
25,22,1,34,1,Clientes Leales
26,25,1,36,1,Clientes Leales
27,20,1,37,1,Clientes Leales
28,56,1,43,3,Clientes VIP
29,94,1,9,0,Clientes Ocasionales
30,48,1,36,3,Clientes VIP
31,31,1,34,1,Clientes Leales
32,79,1,5,0,Clientes Ocasionales
33,67,1,13,0,Clientes Ocasionales
34,38,1,5,2,Clientes en Riesgo
35,91,1,12,0,Clientes Ocasionales
36,33,1,2,2,Clientes en Riesgo
37,69,1,6,0,Clientes Ocasionales
38,45,1,40,1,Clientes Leales
39,37,1,6,2,Clientes en Riesgo
40,60,1,32,3,Clientes VIP
41,76,1,19,0,Clientes Ocasionales
42,39,1,10,1,Clientes Leales
43,100,1,35,3,Clientes VIP
44,69,1,31,3,Clientes VIP
45,53,1,5,2,Clientes en Riesgo
46,21,1,25,1,Clientes Leales
47,43,1,5,2,Clientes en Riesgo
48,54,1,14,0,Clientes Ocasionales
49,55,1,12,0,Clientes Ocasionales
50,30,1,16,1,Clientes Leales
51,28,1,11,1,Clientes Leales
52,59,1,43,3,Clientes VIP
53,20,1,24,1,Clientes Leales
54,24,1,15,1,Clientes Leales
55,94,1,15,0,Clientes Ocasionales
56,28,1,1,2,Clientes en Riesgo
57,73,1,4,2,Clientes en Riesgo
58,64,1,33,3,Clientes VIP
59,54,1,21,3,Clientes VIP
60,79,1,46,3,Clientes VIP
61,37,1,33,1,Clientes Leales
62,68,1,29,3,Clientes VIP
63,21,1,19,1,Clientes Leales
64,79,1,7,0,Clientes Ocasionales
65,83,1,32,3,Clientes VIP
66,36,1,6,2,Clientes en Riesgo
67,94,1,47,3,Clientes VIP
68,33,1,1,2,Clientes en Riesgo
69,46,1,29,1,Clientes Leales
70,70,1,45,3,Clientes VIP
71,29,1,18,1,Clientes Leales
72,48,1,16,0,Clientes Ocasionales
73,26,1,29,1,Clientes Leales
74,85,1,7,0,Clientes Ocasionales
75,58,1,47,3,Clientes VIP
76,85,1,29,3,Clientes VIP
77,43,1,18,1,Clientes Leales
78,53,1,14,0,Clientes Ocasionales
79,91,1,0,2,Clientes en Riesgo
80,96,1,7,0,Clientes Ocasionales
81,72,1,26,3,Clientes VIP
82,96,1,14,0,Clientes Ocasionales
83,28,1,29,1,Clientes Leales
84,40,1,16,1,Clientes Leales
85,32,1,8,1,Clientes Leales
86,95,1,48,3,Clientes VIP
87,41,1,3,2,Clientes en Riesgo
88,53,1,6,0,Clientes Ocasionales
89,47,1,15,1,Clientes Leales
90,83,1,35,3,Clientes VIP
91,48,1,21,1,Clientes Leales
92,99,1,32,3,Clientes VIP
93,87,1,37,3,Clientes VIP
94,62,1,4,2,Clientes en Riesgo
95,76,1,22,3,Clientes VIP
96,100,1,2,2,Clientes en Riesgo
97,73,1,7,0,Clientes Ocasionales
98,92,1,13,0,Clientes Ocasionales
99,67,1,30,3,Clientes VIP
100,40,1,17,1,Clientes Leales
101,98,1,19,0,Clientes Ocasionales
102,85,1,0,2,Clientes en Riesgo
103,67,1,15,0,Clientes Ocasionales
104,89,1,28,3,Clientes VIP
105,24,1,49,1,Clientes Leales
106,96,1,46,3,Clientes VIP
107,35,1,19,1,Clientes Leales
108,67,1,4,2,Clientes en Riesgo
109,79,1,18,0,Clientes Ocasionales
110,85,1,7,0,Clientes Ocasionales
111,26,1,24,1,Clientes Leales
112,75,1,41,3,Clientes VIP
113,65,1,22,3,Clientes VIP
114,54,1,30,3,Clientes VIP
115,95,1,41,3,Clientes VIP
116,94,1,2,2,Clientes en Riesgo
117,86,1,38,3,Clientes VIP
118,32,1,21,1,Clientes Leales
119,45,1,23,1,Clientes Leales
120,76,1,6,0,Clientes Ocasionales
121,84,1,18,0,Clientes Ocasionales
122,72,1,39,3,Clientes VIP
123,40,1,6,2,Clientes en Riesgo
124,89,1,4,0,Clientes Ocasionales
125,86,1,0,2,Clientes en Riesgo
126,54,1,5,2,Clientes en Riesgo
127,36,1,2,2,Clientes en Riesgo
128,89,1,24,3,Clientes VIP
129,32,1,29,1,Clientes Leales
130,67,1,1,2,Clientes en Riesgo
131,39,1,37,1,Clientes Leales
132,29,1,4,2,Clientes en Riesgo
133,58,1,8,0,Clientes Ocasionales
134,65,1,25,3,Clientes VIP
135,94,1,25,3,Clientes VIP
136,81,1,38,3,Clientes VIP
137,86,1,46,3,Clientes VIP
138,43,1,12,1,Clientes Leales
139,29,1,8,1,Clientes Leales
140,95,1,20,0,Clientes Ocasionales
141,28,1,0,2,Clientes en Riesgo
142,46,1,5,2,Clientes en Riesgo
143,58,1,17,0,Clientes Ocasionales
144,48,1,25,1,Clientes Leales
145,43,1,25,1,Clientes Leales
146,95,1,6,0,Clientes Ocasionales
147,30,1,29,1,Clientes Leales
148,64,1,19,0,Clientes Ocasionales
149,90,1,3,2,Clientes en Riesgo
150,76,1,36,3,Clientes VIP
151,96,1,33,3,Clientes VIP
152,47,1,47,3,Clientes VIP
153,85,1,8,0,Clientes Ocasionales
154,55,1,28,3,Clientes VIP
155,98,1,29,3,Clientes VIP
156,77,1,29,3,Clientes VIP
157,26,1,10,1,Clientes Leales
158,68,1,49,3,Clientes VIP
159,73,1,0,2,Clientes en Riesgo
160,27,1,11,1,Clientes Leales
161,23,1,16,1,Clientes Leales
162,49,1,21,1,Clientes Leales
163,74,1,19,0,Clientes Ocasionales
164,67,1,42,3,Clientes VIP
165,65,1,45,3,Clientes VIP
166,60,1,43,3,Clientes VIP
167,31,1,20,1,Clientes Leales
168,27,1,36,1,Clientes Leales
169,80,1,45,3,Clientes VIP
170,30,1,47,1,Clientes Leales
171,25,1,4,2,Clientes en Riesgo
172,35,1,46,1,Clientes Leales
173,67,1,8,0,Clientes Ocasionales
174,46,1,20,1,Clientes Leales
175,35,1,13,1,Clientes Leales
176,86,1,48,3,Clientes VIP
177,81,1,20,0,Clientes Ocasionales
178,42,1,3,2,Clientes en Riesgo
179,43,1,29,1,Clientes Leales
180,31,1,41,1,Clientes Leales
181,81,1,38,3,Clientes VIP
182,61,1,46,3,Clientes VIP
183,96,1,40,3,Clientes VIP
184,29,1,24,1,Clientes Leales
185,33,1,10,1,Clientes Leales
186,32,1,16,1,Clientes Leales
187,56,1,19,0,Clientes Ocasionales
188,94,1,49,3,Clientes VIP
189,53,1,45,3,Clientes VIP
190,82,1,46,3,Clientes VIP
191,70,1,2,2,Clientes en Riesgo
192,76,1,21,3,Clientes VIP
193,29,1,38,1,Clientes Leales
194,100,1,21,3,Clientes VIP
195,94,1,35,3,Clientes VIP
196,25,1,16,1,Clientes Leales
197,88,1,9,0,Clientes Ocasionales
198,78,1,9,0,Clientes Ocasionales
199,45,1,11,0,Clientes Ocasionales
200,73,1,18,0,Clientes Ocasionales
201,61,1,21,3,Clientes VIP
202,22,1,35,1,Clientes Leales
203,38,1,17,1,Clientes Leales
204,38,1,32,1,Clientes Leales
205,100,1,15,0,Clientes Ocasionales
206,64,1,25,3,Clientes VIP
207,55,1,44,3,Clientes VIP
208,91,1,33,3,Clientes VIP
209,38,1,33,1,Clientes Leales
210,97,1,6,0,Clientes Ocasionales
211,22,1,44,1,Clientes Leales
212,92,1,5,0,Clientes Ocasionales
213,84,1,43,3,Clientes VIP
214,93,1,39,3,Clientes VIP
215,50,1,9,0,Clientes Ocasionales
216,64,1,26,3,Clientes VIP
217,61,1,29,3,Clientes VIP
218,48,1,26,1,Clientes Leales
219,45,1,42,1,Clientes Leales
220,88,1,38,3,Clientes VIP
221,57,1,2,2,Clientes en Riesgo
222,68,1,44,3,Clientes VIP
223,94,1,36,3,Clientes VIP
224,41,1,16,1,Clientes Leales
225,83,1,38,3,Clientes VIP
226,22,1,39,1,Clientes Leales
227,74,1,45,3,Clientes VIP
228,90,1,25,3,Clientes VIP
229,79,1,39,3,Clientes VIP
230,28,1,23,1,Clientes Leales
231,88,1,7,0,Clientes Ocasionales
232,26,1,32,1,Clientes Leales
233,27,1,18,1,Clientes Leales
234,83,1,23,3,Clientes VIP
235,39,1,26,1,Clientes Leales
236,89,1,19,0,Clientes Ocasionales
237,68,1,11,0,Clientes Ocasionales
238,90,1,14,0,Clientes Ocasionales
239,34,1,45,1,Clientes Leales
240,51,1,3,2,Clientes en Riesgo
241,45,1,21,1,Clientes Leales
242,88,1,7,0,Clientes Ocasionales
243,85,1,10,0,Clientes Ocasionales
244,100,1,46,3,Clientes VIP
245,42,1,11,1,Clientes Leales
246,53,1,5,2,Clientes en Riesgo
247,86,1,30,3,Clientes VIP
248,66,1,36,3,Clientes VIP
249,100,1,17,0,Clientes Ocasionales
250,47,1,32,1,Clientes Leales
251,25,1,41,1,Clientes Leales
252,51,1,16,0,Clientes Ocasionales
253,41,1,17,1,Clientes Leales
254,73,1,35,3,Clientes VIP
255,42,1,46,1,Clientes Leales
256,20,1,25,1,Clientes Leales
257,30,1,30,1,Clientes Leales
258,53,1,45,3,Clientes VIP
259,74,1,34,3,Clientes VIP
260,57,1,37,3,Clientes VIP
261,57,1,39,3,Clientes VIP
262,77,1,29,3,Clientes VIP
263,40,1,44,1,Clientes Leales
264,46,1,21,1,Clientes Leales
265,78,1,35,3,Clientes VIP
266,59,1,33,3,Clientes VIP
267,75,1,18,0,Clientes Ocasionales
268,54,1,8,0,Clientes Ocasionales
269,42,1,29,1,Clientes Leales
270,44,1,41,1,Clientes Leales
271,52,1,34,3,Clientes VIP
272,69,1,8,0,Clientes Ocasionales
273,26,1,13,1,Clientes Leales
274,33,1,18,1,Clientes Leales
275,32,1,22,1,Clientes Leales
276,85,1,37,3,Clientes VIP
277,30,1,39,1,Clientes Leales
278,29,1,14,1,Clientes Leales
279,95,1,27,3,Clientes VIP
280,69,1,13,0,Clientes Ocasionales
281,69,1,29,3,Clientes VIP
282,61,1,28,3,Clientes VIP
283,94,1,41,3,Clientes VIP
284,30,1,34,1,Clientes Leales
285,45,1,46,1,Clientes Leales
286,39,1,47,1,Clientes Leales
287,51,1,44,3,Clientes VIP
288,37,1,32,1,Clientes Leales
289,62,1,16,0,Clientes Ocasionales
290,85,1,24,3,Clientes VIP
291,33,1,0,2,Clientes en Riesgo
292,26,1,10,1,Clientes Leales
293,99,1,26,3,Clientes VIP
294,39,1,17,1,Clientes Leales
295,20,1,31,1,Clientes Leales
296,42,1,26,1,Clientes Leales
297,74,1,31,3,Clientes VIP
298,26,1,46,1,Clientes Leales
299,53,1,39,3,Clientes VIP
300,80,1,22,3,Clientes VIP
301,98,1,26,3,Clientes VIP
302,95,1,25,3,Clientes VIP
303,44,1,23,1,Clientes Leales
304,60,1,1,2,Clientes en Riesgo
305,84,1,5,0,Clientes Ocasionales
306,59,1,24,3,Clientes VIP
307,49,1,46,3,Clientes VIP
308,32,1,47,1,Clientes Leales
309,29,1,5,2,Clientes en Riesgo
310,22,1,29,1,Clientes Leales
311,85,1,0,2,Clientes en Riesgo
312,52,1,31,3,Clientes VIP
313,89,1,44,3,Clientes VIP
314,77,1,0,2,Clientes en Riesgo
315,24,1,33,1,Clientes Leales
316,24,1,26,1,Clientes Leales
317,22,1,4,1,Clientes Leales
318,82,1,8,0,Clientes Ocasionales
319,67,1,40,3,Clientes VIP
320,74,1,49,3,Clientes VIP
321,72,1,22,3,Clientes VIP
322,36,1,2,2,Clientes en Riesgo
323,95,1,3,2,Clientes en Riesgo
324,78,1,21,3,Clientes VIP
325,82,1,13,0,Clientes Ocasionales
326,70,1,12,0,Clientes Ocasionales
327,41,1,2,2,Clientes en Riesgo
328,42,1,14,1,Clientes Leales
329,50,1,41,3,Clientes VIP
330,31,1,16,1,Clientes Leales
331,51,1,7,0,Clientes Ocasionales
332,98,1,4,0,Clientes Ocasionales
333,86,1,45,3,Clientes VIP
334,64,1,35,3,Clientes VIP
335,46,1,20,1,Clientes Leales
336,85,1,6,0,Clientes Ocasionales
337,81,1,34,3,Clientes VIP
338,59,1,34,3,Clientes VIP
339,79,1,34,3,Clientes VIP
340,33,1,29,1,Clientes Leales
341,47,1,11,0,Clientes Ocasionales
342,20,1,10,1,Clientes Leales
343,36,1,2,2,Clientes en Riesgo
344,39,1,24,1,Clientes Leales
345,71,1,4,2,Clientes en Riesgo
346,59,1,23,3,Clientes VIP
347,50,1,45,3,Clientes VIP
348,41,1,7,2,Clientes en Riesgo
349,59,1,33,3,Clientes VIP
350,87,1,47,3,Clientes VIP
351,68,1,3,2,Clientes en Riesgo
352,90,1,26,3,Clientes VIP
353,71,1,38,3,Clientes VIP
354,64,1,15,0,Clientes Ocasionales
355,76,1,8,0,Clientes Ocasionales
356,42,1,49,1,Clientes Leales
357,80,1,23,3,Clientes VIP
358,56,1,34,3,Clientes VIP
359,25,1,14,1,Clientes Leales
360,74,1,20,0,Clientes Ocasionales
361,30,1,32,1,Clientes Leales
362,96,1,5,0,Clientes Ocasionales
363,64,1,49,3,Clientes VIP
364,88,1,8,0,Clientes Ocasionales
365,88,1,43,3,Clientes VIP
366,88,1,0,2,Clientes en Riesgo
367,36,1,13,1,Clientes Leales
368,40,1,32,1,Clientes Leales
369,39,1,21,1,Clientes Leales
370,40,1,5,2,Clientes en Riesgo
371,34,1,37,1,Clientes Leales
372,83,1,3,2,Clientes en Riesgo
373,85,1,43,3,Clientes VIP
374,27,1,39,1,Clientes Leales
375,78,1,11,0,Clientes Ocasionales
376,32,1,44,1,Clientes Leales
377,51,1,48,3,Clientes VIP
378,32,1,11,1,Clientes Leales
379,62,1,27,3,Clientes VIP
380,29,1,4,2,Clientes en Riesgo
381,69,1,31,3,Clientes VIP
382,25,1,47,1,Clientes Leales
383,76,1,3,2,Clientes en Riesgo
384,77,1,44,3,Clientes VIP
385,33,1,44,1,Clientes Leales
386,93,1,38,3,Clientes VIP
387,39,1,10,1,Clientes Leales
388,93,1,12,0,Clientes Ocasionales
389,82,1,40,3,Clientes VIP
390,42,1,22,1,Clientes Leales
391,71,1,31,3,Clientes VIP
392,86,1,25,3,Clientes VIP
393,82,1,12,0,Clientes Ocasionales
394,65,1,44,3,Clientes VIP
395,29,1,43,1,Clientes Leales
396,65,1,48,3,Clientes VIP
397,88,1,26,3,Clientes VIP
398,46,1,24,1,Clientes Leales
399,67,1,25,3,Clientes VIP
400,35,1,40,1,Clientes Leales
401,66,1,36,3,Clientes VIP
402,91,1,29,3,Clientes VIP
403,78,1,24,3,Clientes VIP
404,45,1,38,1,Clientes Leales
405,93,1,39,3,Clientes VIP
406,74,1,35,3,Clientes VIP
407,55,1,37,3,Clientes VIP
408,76,1,45,3,Clientes VIP
409,66,1,14,0,Clientes Ocasionales
410,51,1,18,0,Clientes Ocasionales
411,26,1,49,1,Clientes Leales
412,29,1,35,1,Clientes Leales
413,74,1,47,3,Clientes VIP
414,99,1,2,2,Clientes en Riesgo
415,88,1,20,0,Clientes Ocasionales
416,31,1,10,1,Clientes Leales
417,55,1,26,3,Clientes VIP
418,81,1,2,2,Clientes en Riesgo
419,73,1,23,3,Clientes VIP
420,91,1,36,3,Clientes VIP
421,54,1,32,3,Clientes VIP
422,40,1,2,2,Clientes en Riesgo
423,59,1,18,0,Clientes Ocasionales
424,26,1,29,1,Clientes Leales
425,23,1,8,1,Clientes Leales
426,87,1,46,3,Clientes VIP
427,71,1,31,3,Clientes VIP
428,91,1,44,3,Clientes VIP
429,64,1,48,3,Clientes VIP
430,94,1,29,3,Clientes VIP
431,40,1,10,1,Clientes Leales
432,76,1,17,0,Clientes Ocasionales
433,86,1,24,3,Clientes VIP
434,92,1,27,3,Clientes VIP
435,52,1,11,0,Clientes Ocasionales
436,28,1,8,1,Clientes Leales
437,46,1,9,0,Clientes Ocasionales
438,50,1,9,0,Clientes Ocasionales
439,23,1,38,1,Clientes Leales
440,50,1,19,0,Clientes Ocasionales
441,89,1,16,0,Clientes Ocasionales
442,81,1,18,0,Clientes Ocasionales
443,69,1,19,0,Clientes Ocasionales
444,67,1,26,3,Clientes VIP
445,20,1,19,1,Clientes Leales
446,29,1,32,1,Clientes Leales
447,74,1,35,3,Clientes VIP
448,82,1,43,3,Clientes VIP
449,23,1,15,1,Clientes Leales
450,45,1,15,1,Clientes Leales
451,21,1,31,1,Clientes Leales
452,31,1,24,1,Clientes Leales
453,45,1,11,0,Clientes Ocasionales
454,56,1,28,3,Clientes VIP
455,97,1,36,3,Clientes VIP
456,100,1,0,2,Clientes en Riesgo
457,96,1,17,0,Clientes Ocasionales
458,99,1,2,2,Clientes en Riesgo
459,91,1,2,2,Clientes en Riesgo
460,30,1,23,1,Clientes Leales
461,65,1,23,3,Clientes VIP
462,93,1,30,3,Clientes VIP
463,81,1,2,2,Clientes en Riesgo
464,81,1,21,3,Clientes VIP
465,52,1,5,2,Clientes en Riesgo
466,88,1,25,3,Clientes VIP
467,24,1,25,1,Clientes Leales
468,51,1,13,0,Clientes Ocasionales
469,38,1,34,1,Clientes Leales
470,46,1,20,1,Clientes Leales
471,63,1,44,3,Clientes VIP
472,72,1,14,0,Clientes Ocasionales
473,39,1,47,1,Clientes Leales
474,42,1,21,1,Clientes Leales
475,76,1,35,3,Clientes VIP
476,66,1,32,3,Clientes VIP
477,90,1,48,3,Clientes VIP
478,56,1,1,2,Clientes en Riesgo
479,43,1,2,2,Clientes en Riesgo
480,84,1,7,0,Clientes Ocasionales
481,88,1,20,0,Clientes Ocasionales
482,88,1,40,3,Clientes VIP
483,42,1,39,1,Clientes Leales
484,73,1,38,3,Clientes VIP
485,73,1,22,3,Clientes VIP
486,44,1,14,1,Clientes Leales
487,63,1,13,0,Clientes Ocasionales
488,68,1,28,3,Clientes VIP
489,29,1,18,1,Clientes Leales
490,85,1,10,0,Clientes Ocasionales
491,42,1,3,2,Clientes en Riesgo
492,69,1,26,3,Clientes VIP
493,62,1,39,3,Clientes VIP
494,48,1,31,1,Clientes Leales
495,68,1,8,0,Clientes Ocasionales
496,36,1,44,1,Clientes Leales
497,63,1,19,0,Clientes Ocasionales
498,39,1,19,1,Clientes Leales
499,78,1,23,3,Clientes VIP
500,99,1,26,3,Clientes VIP
501,31,1,15,1,Clientes Leales
502,45,1,29,1,Clientes Leales
503,30,1,42,1,Clientes Leales
504,24,1,24,1,Clientes Leales
505,22,1,24,1,Clientes Leales
506,63,1,41,3,Clientes VIP
507,40,1,2,2,Clientes en Riesgo
508,20,1,17,1,Clientes Leales
509,20,1,19,1,Clientes Leales
510,80,1,33,3,Clientes VIP
511,87,1,28,3,Clientes VIP
512,46,1,42,1,Clientes Leales
513,49,1,48,3,Clientes VIP
514,65,1,5,0,Clientes Ocasionales
515,62,1,3,2,Clientes en Riesgo
516,67,1,43,3,Clientes VIP
517,41,1,31,1,Clientes Leales
518,49,1,6,2,Clientes en Riesgo
519,100,1,34,3,Clientes VIP
520,54,1,33,3,Clientes VIP
521,84,1,30,3,Clientes VIP
522,41,1,0,2,Clientes en Riesgo
523,88,1,13,0,Clientes Ocasionales
524,40,1,45,1,Clientes Leales
525,39,1,6,2,Clientes en Riesgo
526,37,1,9,1,Clientes Leales
527,52,1,31,3,Clientes VIP
528,23,1,3,2,Clientes en Riesgo
529,88,1,10,0,Clientes Ocasionales
530,84,1,44,3,Clientes VIP
531,37,1,25,1,Clientes Leales
532,51,1,8,0,Clientes Ocasionales
533,76,1,15,0,Clientes Ocasionales
534,60,1,33,3,Clientes VIP
535,72,1,46,3,Clientes VIP
536,45,1,26,1,Clientes Leales
537,84,1,34,3,Clientes VIP
538,49,1,36,3,Clientes VIP
539,22,1,7,1,Clientes Leales
540,48,1,1,2,Clientes en Riesgo
541,37,1,17,1,Clientes Leales
542,27,1,5,1,Clientes Leales
543,79,1,15,0,Clientes Ocasionales
544,98,1,39,3,Clientes VIP
545,64,1,20,0,Clientes Ocasionales
546,32,1,2,2,Clientes en Riesgo
547,74,1,5,0,Clientes Ocasionales
548,50,1,24,3,Clientes VIP
549,64,1,9,0,Clientes Ocasionales
550,29,1,13,1,Clientes Leales
551,62,1,38,3,Clientes VIP
552,78,1,23,3,Clientes VIP
553,94,1,32,3,Clientes VIP
554,59,1,35,3,Clientes VIP
555,47,1,16,1,Clientes Leales
556,57,1,13,0,Clientes Ocasionales
557,90,1,29,3,Clientes VIP
558,60,1,19,0,Clientes Ocasionales
559,77,1,7,0,Clientes Ocasionales
560,41,1,28,1,Clientes Leales
561,48,1,38,3,Clientes VIP
562,65,1,25,3,Clientes VIP
563,62,1,10,0,Clientes Ocasionales
564,99,1,34,3,Clientes VIP
565,58,1,20,0,Clientes Ocasionales
566,43,1,40,1,Clientes Leales
567,93,1,49,3,Clientes VIP
568,50,1,26,3,Clientes VIP
569,88,1,14,0,Clientes Ocasionales
570,33,1,4,2,Clientes en Riesgo
571,99,1,30,3,Clientes VIP
572,76,1,13,0,Clientes Ocasionales
573,97,1,24,3,Clientes VIP
574,68,1,27,3,Clientes VIP
575,79,1,30,3,Clientes VIP
576,86,1,12,0,Clientes Ocasionales
577,68,1,45,3,Clientes VIP
578,52,1,9,0,Clientes Ocasionales
579,90,1,28,3,Clientes VIP
580,41,1,2,2,Clientes en Riesgo
581,80,1,40,3,Clientes VIP
582,100,1,38,3,Clientes VIP
583,77,1,48,3,Clientes VIP
584,78,1,12,0,Clientes Ocasionales
585,94,1,30,3,Clientes VIP
586,23,1,45,1,Clientes Leales
587,20,1,41,1,Clientes Leales
588,86,1,2,2,Clientes en Riesgo
589,60,1,41,3,Clientes VIP
590,70,1,10,0,Clientes Ocasionales
591,39,1,20,1,Clientes Leales
592,37,1,44,1,Clientes Leales
593,29,1,8,1,Clientes Leales
594,35,1,41,1,Clientes Leales
595,83,1,44,3,Clientes VIP
596,77,1,3,2,Clientes en Riesgo
597,37,1,14,1,Clientes Leales
598,69,1,31,3,Clientes VIP
599,66,1,20,0,Clientes Ocasionales
600,26,1,23,1,Clientes Leales
601,63,1,25,3,Clientes VIP
602,38,1,45,1,Clientes Leales
603,58,1,40,3,Clientes VIP
604,46,1,24,1,Clientes Leales
605,92,1,39,3,Clientes VIP
606,32,1,33,1,Clientes Leales
607,90,1,6,0,Clientes Ocasionales
608,23,1,6,1,Clientes Leales
609,25,1,29,1,Clientes Leales
610,54,1,1,2,Clientes en Riesgo
611,72,1,23,3,Clientes VIP
612,33,1,31,1,Clientes Leales
613,43,1,17,1,Clientes Leales
614,51,1,4,2,Clientes en Riesgo
615,85,1,29,3,Clientes VIP
616,100,1,27,3,Clientes VIP
617,72,1,12,0,Clientes Ocasionales
618,57,1,48,3,Clientes VIP
619,94,1,29,3,Clientes VIP
620,34,1,49,1,Clientes Leales
621,89,1,40,3,Clientes VIP
622,27,1,5,1,Clientes Leales
623,63,1,6,0,Clientes Ocasionales
624,70,1,2,2,Clientes en Riesgo
625,87,1,29,3,Clientes VIP
626,79,1,49,3,Clientes VIP
627,79,1,40,3,Clientes VIP
628,44,1,26,1,Clientes Leales
629,85,1,21,3,Clientes VIP
630,90,1,39,3,Clientes VIP
631,94,1,17,0,Clientes Ocasionales
632,68,1,23,3,Clientes VIP
633,51,1,31,3,Clientes VIP
634,33,1,0,2,Clientes en Riesgo
635,60,1,4,2,Clientes en Riesgo
636,59,1,22,3,Clientes VIP
637,30,1,36,1,Clientes Leales
638,20,1,4,1,Clientes Leales
639,20,1,9,1,Clientes Leales
640,24,1,0,2,Clientes en Riesgo
641,88,1,22,3,Clientes VIP
642,78,1,27,3,Clientes VIP
643,25,1,36,1,Clientes Leales
644,57,1,40,3,Clientes VIP
645,93,1,13,0,Clientes Ocasionales
646,42,1,35,1,Clientes Leales
647,54,1,31,3,Clientes VIP
648,70,1,27,3,Clientes VIP
649,31,1,15,1,Clientes Leales
650,93,1,17,0,Clientes Ocasionales
651,40,1,38,1,Clientes Leales
652,32,1,9,1,Clientes Leales
653,27,1,23,1,Clientes Leales
654,68,1,5,0,Clientes Ocasionales
655,59,1,27,3,Clientes VIP
656,36,1,31,1,Clientes Leales
657,23,1,44,1,Clientes Leales
658,80,1,44,3,Clientes VIP
659,37,1,30,1,Clientes Leales
660,52,1,42,3,Clientes VIP
661,79,1,11,0,Clientes Ocasionales
662,68,1,11,0,Clientes Ocasionales
663,98,1,11,0,Clientes Ocasionales
664,83,1,27,3,Clientes VIP
665,83,1,9,0,Clientes Ocasionales
666,55,1,0,2,Clientes en Riesgo
667,26,1,20,1,Clientes Leales
668,76,1,18,0,Clientes Ocasionales
669,85,1,15,0,Clientes Ocasionales
670,89,1,5,0,Clientes Ocasionales
671,41,1,13,1,Clientes Leales
672,30,1,5,2,Clientes en Riesgo
673,53,1,21,3,Clientes VIP
674,66,1,23,3,Clientes VIP
675,33,1,14,1,Clientes Leales
676,86,1,41,3,Clientes VIP
677,60,1,12,0,Clientes Ocasionales
678,62,1,9,0,Clientes Ocasionales
679,74,1,25,3,Clientes VIP
680,95,1,13,0,Clientes Ocasionales
681,25,1,47,1,Clientes Leales
682,59,1,26,3,Clientes VIP
683,29,1,1,2,Clientes en Riesgo
684,36,1,47,1,Clientes Leales
685,82,1,8,0,Clientes Ocasionales
686,71,1,18,0,Clientes Ocasionales
687,35,1,17,1,Clientes Leales
688,38,1,4,2,Clientes en Riesgo
689,59,1,6,0,Clientes Ocasionales
690,91,1,15,0,Clientes Ocasionales
691,68,1,5,0,Clientes Ocasionales
692,21,1,13,1,Clientes Leales
693,95,1,10,0,Clientes Ocasionales
694,52,1,20,0,Clientes Ocasionales
695,21,1,12,1,Clientes Leales
696,67,1,35,3,Clientes VIP
697,42,1,1,2,Clientes en Riesgo
698,63,1,10,0,Clientes Ocasionales
699,41,1,10,1,Clientes Leales
700,46,1,45,1,Clientes Leales
701,79,1,45,3,Clientes VIP
702,90,1,45,3,Clientes VIP
703,71,1,49,3,Clientes VIP
704,87,1,29,3,Clientes VIP
705,66,1,32,3,Clientes VIP
706,90,1,1,2,Clientes en Riesgo
707,47,1,23,1,Clientes Leales
708,38,1,29,1,Clientes Leales
709,50,1,31,3,Clientes VIP
710,79,1,27,3,Clientes VIP
711,91,1,24,3,Clientes VIP
712,60,1,37,3,Clientes VIP
713,81,1,14,0,Clientes Ocasionales
714,90,1,11,0,Clientes Ocasionales
715,70,1,10,0,Clientes Ocasionales
716,63,1,13,0,Clientes Ocasionales
717,29,1,41,1,Clientes Leales
718,90,1,43,3,Clientes VIP
719,22,1,25,1,Clientes Leales
720,22,1,8,1,Clientes Leales
721,62,1,31,3,Clientes VIP
722,57,1,9,0,Clientes Ocasionales
723,32,1,0,2,Clientes en Riesgo
724,53,1,7,0,Clientes Ocasionales
725,79,1,14,0,Clientes Ocasionales
726,61,1,17,0,Clientes Ocasionales
727,78,1,30,3,Clientes VIP
728,97,1,13,0,Clientes Ocasionales
729,78,1,38,3,Clientes VIP
730,56,1,4,2,Clientes en Riesgo
731,25,1,22,1,Clientes Leales
732,28,1,20,1,Clientes Leales
733,57,1,22,3,Clientes VIP
734,36,1,30,1,Clientes Leales
735,69,1,11,0,Clientes Ocasionales
736,48,1,2,2,Clientes en Riesgo
737,58,1,18,0,Clientes Ocasionales
738,24,1,22,1,Clientes Leales
739,31,1,23,1,Clientes Leales
740,29,1,24,1,Clientes Leales
741,69,1,28,3,Clientes VIP
742,79,1,27,3,Clientes VIP
743,39,1,29,1,Clientes Leales
744,84,1,14,0,Clientes Ocasionales
745,66,1,8,0,Clientes Ocasionales
746,92,1,46,3,Clientes VIP
747,45,1,3,2,Clientes en Riesgo
748,74,1,37,3,Clientes VIP
749,39,1,42,1,Clientes Leales
750,71,1,39,3,Clientes VIP
751,95,1,45,3,Clientes VIP
752,72,1,49,3,Clientes VIP
753,85,1,33,3,Clientes VIP
754,54,1,23,3,Clientes VIP
755,41,1,47,1,Clientes Leales
756,24,1,28,1,Clientes Leales
757,99,1,26,3,Clientes VIP
758,32,1,32,1,Clientes Leales
759,71,1,11,0,Clientes Ocasionales
760,49,1,25,1,Clientes Leales
761,50,1,44,3,Clientes VIP
762,91,1,24,3,Clientes VIP
763,46,1,7,0,Clientes Ocasionales
764,50,1,44,3,Clientes VIP
765,39,1,44,1,Clientes Leales
766,99,1,37,3,Clientes VIP
767,48,1,37,3,Clientes VIP
768,77,1,39,3,Clientes VIP
769,95,1,5,0,Clientes Ocasionales
770,100,1,42,3,Clientes VIP
771,54,1,42,3,Clientes VIP
772,68,1,16,0,Clientes Ocasionales
773,22,1,10,1,Clientes Leales
774,84,1,36,3,Clientes VIP
775,46,1,39,1,Clientes Leales
776,53,1,42,3,Clientes VIP
777,60,1,42,3,Clientes VIP
778,32,1,13,1,Clientes Leales
779,50,1,27,3,Clientes VIP
780,94,1,12,0,Clientes Ocasionales
781,26,1,12,1,Clientes Leales
782,44,1,38,1,Clientes Leales
783,57,1,35,3,Clientes VIP
784,65,1,12,0,Clientes Ocasionales
785,72,1,9,0,Clientes Ocasionales
786,62,1,13,0,Clientes Ocasionales
787,21,1,34,1,Clientes Leales
788,85,1,25,3,Clientes VIP
789,51,1,32,3,Clientes VIP
790,84,1,46,3,Clientes VIP
791,37,1,38,1,Clientes Leales
792,44,1,15,1,Clientes Leales
793,45,1,5,2,Clientes en Riesgo
794,35,1,34,1,Clientes Leales
795,50,1,40,3,Clientes VIP
796,26,1,16,1,Clientes Leales
797,78,1,7,0,Clientes Ocasionales
798,82,1,12,0,Clientes Ocasionales
799,39,1,2,2,Clientes en Riesgo
800,55,1,19,0,Clientes Ocasionales
801,20,1,30,1,Clientes Leales
802,29,1,38,1,Clientes Leales
803,41,1,48,1,Clientes Leales
804,38,1,20,1,Clientes Leales
805,47,1,22,1,Clientes Leales
806,30,1,10,1,Clientes Leales
807,56,1,4,2,Clientes en Riesgo
808,89,1,35,3,Clientes VIP
809,96,1,12,0,Clientes Ocasionales
810,81,1,20,0,Clientes Ocasionales
811,83,1,18,0,Clientes Ocasionales
812,35,1,14,1,Clientes Leales
813,56,1,18,0,Clientes Ocasionales
814,45,1,36,1,Clientes Leales
815,62,1,42,3,Clientes VIP
816,84,1,23,3,Clientes VIP
817,24,1,26,1,Clientes Leales
818,21,1,20,1,Clientes Leales
819,91,1,16,0,Clientes Ocasionales
820,36,1,22,1,Clientes Leales
821,39,1,23,1,Clientes Leales
822,39,1,19,1,Clientes Leales
823,59,1,27,3,Clientes VIP
824,27,1,39,1,Clientes Leales
825,94,1,2,2,Clientes en Riesgo
826,94,1,33,3,Clientes VIP
827,94,1,14,0,Clientes Ocasionales
828,51,1,17,0,Clientes Ocasionales
829,62,1,23,3,Clientes VIP
830,57,1,36,3,Clientes VIP
831,76,1,45,3,Clientes VIP
832,63,1,3,2,Clientes en Riesgo
833,80,1,22,3,Clientes VIP
834,68,1,39,3,Clientes VIP
835,89,1,32,3,Clientes VIP
836,26,1,29,1,Clientes Leales
837,90,1,28,3,Clientes VIP
838,28,1,17,1,Clientes Leales
839,29,1,1,2,Clientes en Riesgo
840,31,1,40,1,Clientes Leales
841,24,1,32,1,Clientes Leales
842,88,1,22,3,Clientes VIP
843,87,1,25,3,Clientes VIP
844,80,1,44,3,Clientes VIP
845,48,1,6,2,Clientes en Riesgo
846,21,1,20,1,Clientes Leales
847,72,1,8,0,Clientes Ocasionales
848,44,1,20,1,Clientes Leales
849,73,1,17,0,Clientes Ocasionales
850,61,1,26,3,Clientes VIP
851,20,1,37,1,Clientes Leales
852,86,1,31,3,Clientes VIP
853,60,1,27,3,Clientes VIP
854,43,1,15,1,Clientes Leales
855,44,1,28,1,Clientes Leales
856,76,1,36,3,Clientes VIP
857,33,1,3,2,Clientes en Riesgo
858,60,1,0,2,Clientes en Riesgo
859,26,1,17,1,Clientes Leales
860,73,1,43,3,Clientes VIP
861,87,1,47,3,Clientes VIP
862,100,1,15,0,Clientes Ocasionales
863,84,1,37,3,Clientes VIP
864,41,1,8,1,Clientes Leales
865,59,1,45,3,Clientes VIP
866,26,1,27,1,Clientes Leales
867,69,1,39,3,Clientes VIP
868,20,1,27,1,Clientes Leales
869,83,1,48,3,Clientes VIP
870,54,1,17,0,Clientes Ocasionales
871,66,1,44,3,Clientes VIP
872,42,1,5,2,Clientes en Riesgo
873,33,1,25,1,Clientes Leales
874,77,1,26,3,Clientes VIP
875,65,1,40,3,Clientes VIP
876,39,1,43,1,Clientes Leales
877,51,1,49,3,Clientes VIP
878,65,1,5,0,Clientes Ocasionales
879,89,1,13,0,Clientes Ocasionales
880,76,1,36,3,Clientes VIP
881,75,1,25,3,Clientes VIP
882,61,1,32,3,Clientes VIP
883,35,1,13,1,Clientes Leales
884,37,1,20,1,Clientes Leales
885,91,1,16,0,Clientes Ocasionales
886,99,1,1,2,Clientes en Riesgo
887,54,1,2,2,Clientes en Riesgo
888,47,1,17,1,Clientes Leales
889,77,1,6,0,Clientes Ocasionales
890,84,1,0,2,Clientes en Riesgo
891,51,1,3,2,Clientes en Riesgo
892,26,1,26,1,Clientes Leales
893,64,1,7,0,Clientes Ocasionales
894,51,1,36,3,Clientes VIP
895,60,1,47,3,Clientes VIP
896,69,1,17,0,Clientes Ocasionales
897,29,1,12,1,Clientes Leales
898,91,1,4,0,Clientes Ocasionales
899,70,1,31,3,Clientes VIP
900,58,1,30,3,Clientes VIP
901,98,1,8,0,Clientes Ocasionales
902,68,1,16,0,Clientes Ocasionales
903,44,1,45,1,Clientes Leales
904,45,1,47,1,Clientes Leales
905,99,1,4,0,Clientes Ocasionales
906,68,1,34,3,Clientes VIP
907,56,1,29,3,Clientes VIP
908,43,1,16,1,Clientes Leales
909,99,1,41,3,Clientes VIP
910,56,1,14,0,Clientes Ocasionales
911,25,1,28,1,Clientes Leales
912,74,1,48,3,Clientes VIP
913,56,1,18,0,Clientes Ocasionales
914,47,1,21,1,Clientes Leales
915,67,1,23,3,Clientes VIP
916,22,1,17,1,Clientes Leales
917,34,1,34,1,Clientes Leales
918,64,1,39,3,Clientes VIP
919,42,1,39,1,Clientes Leales
920,82,1,33,3,Clientes VIP
921,81,1,13,0,Clientes Ocasionales
922,24,1,32,1,Clientes Leales
923,60,1,37,3,Clientes VIP
924,24,1,43,1,Clientes Leales
925,78,1,13,0,Clientes Ocasionales
926,88,1,42,3,Clientes VIP
927,63,1,39,3,Clientes VIP
928,78,1,42,3,Clientes VIP
929,37,1,19,1,Clientes Leales
930,94,1,24,3,Clientes VIP
931,78,1,30,3,Clientes VIP
932,36,1,26,1,Clientes Leales
933,24,1,5,1,Clientes Leales
934,84,1,17,0,Clientes Ocasionales
935,47,1,29,1,Clientes Leales
936,51,1,48,3,Clientes VIP
937,84,1,22,3,Clientes VIP
938,24,1,32,1,Clientes Leales
939,97,1,29,3,Clientes VIP
940,89,1,26,3,Clientes VIP
941,44,1,35,1,Clientes Leales
942,35,1,12,1,Clientes Leales
943,91,1,12,0,Clientes Ocasionales
944,63,1,37,3,Clientes VIP
945,97,1,11,0,Clientes Ocasionales
946,38,1,42,1,Clientes Leales
947,24,1,46,1,Clientes Leales
948,32,1,44,1,Clientes Leales
949,90,1,39,3,Clientes VIP
950,36,1,1,2,Clientes en Riesgo
951,37,1,20,1,Clientes Leales
952,51,1,16,0,Clientes Ocasionales
953,71,1,22,3,Clientes VIP
954,50,1,14,0,Clientes Ocasionales
955,74,1,32,3,Clientes VIP
956,75,1,46,3,Clientes VIP
957,99,1,8,0,Clientes Ocasionales
958,23,1,39,1,Clientes Leales
959,53,1,19,0,Clientes Ocasionales
960,99,1,38,3,Clientes VIP
961,48,1,30,1,Clientes Leales
962,72,1,13,0,Clientes Ocasionales
963,64,1,24,3,Clientes VIP
964,63,1,36,3,Clientes VIP
965,51,1,38,3,Clientes VIP
966,55,1,40,3,Clientes VIP
967,55,1,31,3,Clientes VIP
968,26,1,46,1,Clientes Leales
969,67,1,2,2,Clientes en Riesgo
970,31,1,13,1,Clientes Leales
971,66,1,46,3,Clientes VIP
972,67,1,35,3,Clientes VIP
973,61,1,17,0,Clientes Ocasionales
974,75,1,20,0,Clientes Ocasionales
975,90,1,27,3,Clientes VIP
976,40,1,48,1,Clientes Leales
977,90,1,0,2,Clientes en Riesgo
978,20,1,16,1,Clientes Leales
979,40,1,17,1,Clientes Leales
980,33,1,16,1,Clientes Leales
981,98,1,11,0,Clientes Ocasionales
982,42,1,3,2,Clientes en Riesgo
983,62,1,13,0,Clientes Ocasionales
984,45,1,10,0,Clientes Ocasionales
985,78,1,42,3,Clientes VIP
986,80,1,38,3,Clientes VIP
987,96,1,14,0,Clientes Ocasionales
988,47,1,2,2,Clientes en Riesgo
989,84,1,3,2,Clientes en Riesgo
990,31,1,48,1,Clientes Leales
991,63,1,26,3,Clientes VIP
992,97,1,10,0,Clientes Ocasionales
993,99,1,0,2,Clientes en Riesgo
994,90,1,25,3,Clientes VIP
995,68,1,30,3,Clientes VIP
996,80,1,40,3,Clientes VIP
997,91,1,18,0,Clientes Ocasionales
998,30,1,19,1,Clientes Leales
999,90,1,2,2,Clientes en Riesgo
1000,28,1,27,1,Clientes Leales
1001,46,1,49,3,Clientes VIP
1002,60,1,46,3,Clientes VIP
1003,59,1,47,3,Clientes VIP
1004,68,1,47,3,Clientes VIP
1005,79,1,6,0,Clientes Ocasionales
1006,94,1,45,3,Clientes VIP
1007,83,1,0,2,Clientes en Riesgo
1008,62,1,48,3,Clientes VIP
1009,85,1,21,3,Clientes VIP
1010,30,1,39,1,Clientes Leales
1011,24,1,13,1,Clientes Leales
1012,25,1,18,1,Clientes Leales
1013,37,1,23,1,Clientes Leales
1014,69,1,19,0,Clientes Ocasionales
1015,97,1,14,0,Clientes Ocasionales
1016,24,1,16,1,Clientes Leales
1017,30,1,35,1,Clientes Leales
1018,53,1,36,3,Clientes VIP
1019,70,1,4,2,Clientes en Riesgo
1020,76,1,17,0,Clientes Ocasionales
1021,95,1,9,0,Clientes Ocasionales
1022,51,1,11,0,Clientes Ocasionales
1023,41,1,43,1,Clientes Leales
1024,71,1,21,3,Clientes VIP
1025,66,1,32,3,Clientes VIP
1026,84,1,35,3,Clientes VIP
1027,95,1,11,0,Clientes Ocasionales
1028,90,1,39,3,Clientes VIP
1029,36,1,46,1,Clientes Leales
1030,22,1,17,1,Clientes Leales
1031,89,1,13,0,Clientes Ocasionales
1032,50,1,18,0,Clientes Ocasionales
1033,36,1,6,2,Clientes en Riesgo
1034,52,1,9,0,Clientes Ocasionales
1035,29,1,6,1,Clientes Leales
1036,89,1,18,0,Clientes Ocasionales
1037,47,1,37,1,Clientes Leales
1038,25,1,2,2,Clientes en Riesgo
1039,74,1,47,3,Clientes VIP
1040,46,1,11,0,Clientes Ocasionales
1041,22,1,43,1,Clientes Leales
1042,25,1,39,1,Clientes Leales
1043,80,1,3,2,Clientes en Riesgo
1044,76,1,22,3,Clientes VIP
1045,30,1,33,1,Clientes Leales
1046,79,1,39,3,Clientes VIP
1047,22,1,38,1,Clientes Leales
1048,36,1,43,1,Clientes Leales
1049,77,1,31,3,Clientes VIP
1050,33,1,26,1,Clientes Leales
1051,64,1,31,3,Clientes VIP
1052,53,1,11,0,Clientes Ocasionales
1053,36,1,49,1,Clientes Leales
1054,70,1,40,3,Clientes VIP
1055,96,1,2,2,Clientes en Riesgo
1056,27,1,26,1,Clientes Leales
1057,64,1,8,0,Clientes Ocasionales
1058,23,1,30,1,Clientes Leales
1059,33,1,1,2,Clientes en Riesgo
1060,34,1,25,1,Clientes Leales
1061,35,1,29,1,Clientes Leales
1062,62,1,38,3,Clientes VIP
1063,75,1,29,3,Clientes VIP
1064,29,1,15,1,Clientes Leales
1065,28,1,8,1,Clientes Leales
1066,20,1,47,1,Clientes Leales
1067,96,1,39,3,Clientes VIP
1068,43,1,28,1,Clientes Leales
1069,94,1,3,2,Clientes en Riesgo
1070,81,1,17,0,Clientes Ocasionales
1071,75,1,0,2,Clientes en Riesgo
1072,81,1,4,2,Clientes en Riesgo
1073,92,1,16,0,Clientes Ocasionales
1074,96,1,17,0,Clientes Ocasionales
1075,71,1,5,0,Clientes Ocasionales
1076,50,1,18,0,Clientes Ocasionales
1077,72,1,3,2,Clientes en Riesgo
1078,28,1,45,1,Clientes Leales
1079,59,1,1,2,Clientes en Riesgo
1080,33,1,2,2,Clientes en Riesgo
1081,59,1,28,3,Clientes VIP
1082,30,1,5,2,Clientes en Riesgo
1083,85,1,20,0,Clientes Ocasionales
1084,97,1,7,0,Clientes Ocasionales
1085,36,1,2,2,Clientes en Riesgo
1086,85,1,27,3,Clientes VIP
1087,62,1,23,3,Clientes VIP
1088,71,1,43,3,Clientes VIP
1089,21,1,48,1,Clientes Leales
1090,61,1,17,0,Clientes Ocasionales
1091,58,1,23,3,Clientes VIP
1092,80,1,44,3,Clientes VIP
1093,50,1,30,3,Clientes VIP
1094,48,1,4,2,Clientes en Riesgo
1095,40,1,25,1,Clientes Leales
1096,34,1,20,1,Clientes Leales
1097,46,1,2,2,Clientes en Riesgo
1098,27,1,3,2,Clientes en Riesgo
1099,98,1,23,3,Clientes VIP
1100,73,1,5,0,Clientes Ocasionales
1101,28,1,48,1,Clientes Leales
1102,76,1,11,0,Clientes Ocasionales
1103,83,1,26,3,Clientes VIP
1104,23,1,42,1,Clientes Leales
1105,28,1,42,1,Clientes Leales
1106,83,1,44,3,Clientes VIP
1107,96,1,38,3,Clientes VIP
1108,62,1,24,3,Clientes VIP
1109,25,1,0,2,Clientes en Riesgo
1110,97,1,48,3,Clientes VIP
1111,61,1,19,0,Clientes Ocasionales
1112,66,1,46,3,Clientes VIP
1113,67,1,18,0,Clientes Ocasionales
1114,80,1,39,3,Clientes VIP
1115,25,1,3,2,Clientes en Riesgo
1116,58,1,13,0,Clientes Ocasionales
1117,96,1,11,0,Clientes Ocasionales
1118,77,1,26,3,Clientes VIP
1119,65,1,39,3,Clientes VIP
1120,36,1,14,1,Clientes Leales
1121,84,1,10,0,Clientes Ocasionales
1122,58,1,25,3,Clientes VIP
1123,62,1,38,3,Clientes VIP
1124,67,1,12,0,Clientes Ocasionales
1125,20,1,10,1,Clientes Leales
1126,90,1,40,3,Clientes VIP
1127,58,1,3,2,Clientes en Riesgo
1128,53,1,28,3,Clientes VIP
1129,30,1,15,1,Clientes Leales
1130,65,1,4,2,Clientes en Riesgo
1131,41,1,20,1,Clientes Leales
1132,73,1,30,3,Clientes VIP
1133,98,1,25,3,Clientes VIP
1134,36,1,21,1,Clientes Leales
1135,81,1,48,3,Clientes VIP
1136,90,1,18,0,Clientes Ocasionales
1137,83,1,13,0,Clientes Ocasionales
1138,91,1,34,3,Clientes VIP
1139,36,1,18,1,Clientes Leales
1140,53,1,8,0,Clientes Ocasionales
1141,39,1,44,1,Clientes Leales
1142,33,1,27,1,Clientes Leales
1143,76,1,23,3,Clientes VIP
1144,23,1,7,1,Clientes Leales
1145,54,1,25,3,Clientes VIP
1146,89,1,20,0,Clientes Ocasionales
1147,38,1,43,1,Clientes Leales
1148,36,1,33,1,Clientes Leales
1149,66,1,40,3,Clientes VIP
1150,42,1,10,1,Clientes Leales
1151,36,1,0,2,Clientes en Riesgo
1152,86,1,26,3,Clientes VIP
1153,49,1,42,3,Clientes VIP
1154,41,1,44,1,Clientes Leales
1155,82,1,6,0,Clientes Ocasionales
1156,53,1,3,2,Clientes en Riesgo
1157,21,1,44,1,Clientes Leales
1158,66,1,39,3,Clientes VIP
1159,89,1,9,0,Clientes Ocasionales
1160,55,1,4,2,Clientes en Riesgo
1161,42,1,41,1,Clientes Leales
1162,52,1,13,0,Clientes Ocasionales
1163,92,1,37,3,Clientes VIP
1164,56,1,26,3,Clientes VIP
1165,96,1,3,2,Clientes en Riesgo
1166,64,1,29,3,Clientes VIP
1167,48,1,28,1,Clientes Leales
1168,83,1,34,3,Clientes VIP
1169,91,1,13,0,Clientes Ocasionales
1170,94,1,47,3,Clientes VIP
1171,62,1,17,0,Clientes Ocasionales
1172,55,1,35,3,Clientes VIP
1173,68,1,8,0,Clientes Ocasionales
1174,76,1,8,0,Clientes Ocasionales
1175,31,1,31,1,Clientes Leales
1176,81,1,24,3,Clientes VIP
1177,83,1,11,0,Clientes Ocasionales
1178,21,1,26,1,Clientes Leales
1179,22,1,27,1,Clientes Leales
1180,33,1,6,1,Clientes Leales
1181,23,1,16,1,Clientes Leales
1182,96,1,7,0,Clientes Ocasionales
1183,21,1,5,1,Clientes Leales
1184,39,1,46,1,Clientes Leales
1185,73,1,31,3,Clientes VIP
1186,64,1,21,3,Clientes VIP
1187,68,1,23,3,Clientes VIP
1188,89,1,13,0,Clientes Ocasionales
1189,29,1,39,1,Clientes Leales
1190,97,1,22,3,Clientes VIP
1191,45,1,19,1,Clientes Leales
1192,70,1,0,2,Clientes en Riesgo
1193,56,1,8,0,Clientes Ocasionales
1194,55,1,32,3,Clientes VIP
1195,46,1,44,1,Clientes Leales
1196,95,1,17,0,Clientes Ocasionales
1197,88,1,37,3,Clientes VIP
1198,92,1,24,3,Clientes VIP
1199,49,1,33,3,Clientes VIP
1200,89,1,47,3,Clientes VIP
1201,22,1,43,1,Clientes Leales
1202,61,1,4,2,Clientes en Riesgo
1203,29,1,36,1,Clientes Leales
1204,82,1,27,3,Clientes VIP
1205,94,1,30,3,Clientes VIP
1206,99,1,12,0,Clientes Ocasionales
1207,59,1,34,3,Clientes VIP
1208,90,1,2,2,Clientes en Riesgo
1209,100,1,42,3,Clientes VIP
1210,62,1,34,3,Clientes VIP
1211,78,1,45,3,Clientes VIP
1212,94,1,36,3,Clientes VIP
1213,74,1,32,3,Clientes VIP
1214,52,1,36,3,Clientes VIP
1215,81,1,45,3,Clientes VIP
1216,20,1,35,1,Clientes Leales
1217,32,1,47,1,Clientes Leales
1218,63,1,38,3,Clientes VIP
1219,79,1,7,0,Clientes Ocasionales
1220,23,1,15,1,Clientes Leales
1221,64,1,14,0,Clientes Ocasionales
1222,69,1,47,3,Clientes VIP
1223,69,1,23,3,Clientes VIP
1224,24,1,29,1,Clientes Leales
1225,50,1,32,3,Clientes VIP
1226,97,1,34,3,Clientes VIP
1227,91,1,32,3,Clientes VIP
1228,37,1,31,1,Clientes Leales
1229,55,1,49,3,Clientes VIP
1230,52,1,11,0,Clientes Ocasionales
1231,80,1,1,2,Clientes en Riesgo
1232,79,1,7,0,Clientes Ocasionales
1233,23,1,19,1,Clientes Leales
1234,73,1,10,0,Clientes Ocasionales
1235,99,1,48,3,Clientes VIP
1236,22,1,4,1,Clientes Leales
1237,68,1,15,0,Clientes Ocasionales
1238,92,1,8,0,Clientes Ocasionales
1239,77,1,47,3,Clientes VIP
1240,37,1,18,1,Clientes Leales
1241,79,1,2,2,Clientes en Riesgo
1242,51,1,16,0,Clientes Ocasionales
1243,27,1,35,1,Clientes Leales
1244,23,1,28,1,Clientes Leales
1245,76,1,48,3,Clientes VIP
1246,31,1,20,1,Clientes Leales
1247,60,1,23,3,Clientes VIP
1248,99,1,32,3,Clientes VIP
1249,37,1,42,1,Clientes Leales
1250,50,1,2,2,Clientes en Riesgo
1251,26,1,26,1,Clientes Leales
1252,86,1,7,0,Clientes Ocasionales
1253,41,1,42,1,Clientes Leales
1254,23,1,1,2,Clientes en Riesgo
1255,56,1,48,3,Clientes VIP
1256,68,1,12,0,Clientes Ocasionales
1257,48,1,46,3,Clientes VIP
1258,67,1,19,0,Clientes Ocasionales
1259,87,1,16,0,Clientes Ocasionales
1260,64,1,5,0,Clientes Ocasionales
1261,93,1,20,0,Clientes Ocasionales
1262,29,1,48,1,Clientes Leales
1263,62,1,6,0,Clientes Ocasionales
1264,70,1,49,3,Clientes VIP
1265,92,1,49,3,Clientes VIP
1266,79,1,23,3,Clientes VIP
1267,31,1,36,1,Clientes Leales
1268,83,1,9,0,Clientes Ocasionales
1269,88,1,25,3,Clientes VIP
1270,53,1,3,2,Clientes en Riesgo
1271,98,1,30,3,Clientes VIP
1272,57,1,8,0,Clientes Ocasionales
1273,80,1,34,3,Clientes VIP
1274,29,1,18,1,Clientes Leales
1275,73,1,13,0,Clientes Ocasionales
1276,32,1,49,1,Clientes Leales
1277,68,1,13,0,Clientes Ocasionales
1278,97,1,45,3,Clientes VIP
1279,98,1,19,0,Clientes Ocasionales
1280,56,1,32,3,Clientes VIP
1281,78,1,11,0,Clientes Ocasionales
1282,81,1,42,3,Clientes VIP
1283,68,1,30,3,Clientes VIP
1284,94,1,27,3,Clientes VIP
1285,93,1,12,0,Clientes Ocasionales
1286,99,1,5,0,Clientes Ocasionales
1287,49,1,6,2,Clientes en Riesgo
1288,28,1,30,1,Clientes Leales
1289,93,1,16,0,Clientes Ocasionales
1290,24,1,40,1,Clientes Leales
1291,35,1,47,1,Clientes Leales
1292,68,1,27,3,Clientes VIP
1293,61,1,8,0,Clientes Ocasionales
1294,74,1,20,0,Clientes Ocasionales
1295,64,1,29,3,Clientes VIP
1296,60,1,0,2,Clientes en Riesgo
1297,29,1,34,1,Clientes Leales
1298,85,1,18,0,Clientes Ocasionales
1299,81,1,36,3,Clientes VIP
1300,23,1,8,1,Clientes Leales
1301,100,1,3,2,Clientes en Riesgo
1302,54,1,29,3,Clientes VIP
1303,25,1,13,1,Clientes Leales
1304,32,1,40,1,Clientes Leales
1305,63,1,32,3,Clientes VIP
1306,56,1,48,3,Clientes VIP
1307,33,1,10,1,Clientes Leales
1308,32,1,7,1,Clientes Leales
1309,38,1,36,1,Clientes Leales
1310,21,1,9,1,Clientes Leales
1311,59,1,12,0,Clientes Ocasionales
1312,87,1,38,3,Clientes VIP
1313,79,1,31,3,Clientes VIP
1314,28,1,27,1,Clientes Leales
1315,67,1,1,2,Clientes en Riesgo
1316,75,1,21,3,Clientes VIP
1317,32,1,36,1,Clientes Leales
1318,43,1,31,1,Clientes Leales
1319,93,1,31,3,Clientes VIP
1320,24,1,2,2,Clientes en Riesgo
1321,31,1,31,1,Clientes Leales
1322,84,1,5,0,Clientes Ocasionales
1323,74,1,33,3,Clientes VIP
1324,62,1,35,3,Clientes VIP
1325,77,1,39,3,Clientes VIP
1326,73,1,49,3,Clientes VIP
1327,50,1,33,3,Clientes VIP
1328,40,1,13,1,Clientes Leales
1329,97,1,10,0,Clientes Ocasionales
1330,63,1,0,2,Clientes en Riesgo
1331,65,1,30,3,Clientes VIP
1332,91,1,42,3,Clientes VIP
1333,60,1,34,3,Clientes VIP
1334,69,1,41,3,Clientes VIP
1335,52,1,38,3,Clientes VIP
1336,49,1,24,1,Clientes Leales
1337,85,1,6,0,Clientes Ocasionales
1338,86,1,31,3,Clientes VIP
1339,51,1,7,0,Clientes Ocasionales
1340,56,1,45,3,Clientes VIP
1341,72,1,45,3,Clientes VIP
1342,27,1,19,1,Clientes Leales
1343,43,1,39,1,Clientes Leales
1344,56,1,16,0,Clientes Ocasionales
1345,37,1,36,1,Clientes Leales
1346,21,1,8,1,Clientes Leales
1347,91,1,35,3,Clientes VIP
1348,95,1,3,2,Clientes en Riesgo
1349,54,1,27,3,Clientes VIP
1350,36,1,27,1,Clientes Leales
1351,71,1,49,3,Clientes VIP
1352,31,1,22,1,Clientes Leales
1353,89,1,13,0,Clientes Ocasionales
1354,83,1,46,3,Clientes VIP
1355,42,1,29,1,Clientes Leales
1356,91,1,0,2,Clientes en Riesgo
1357,61,1,16,0,Clientes Ocasionales
1358,66,1,30,3,Clientes VIP
1359,22,1,25,1,Clientes Leales
1360,68,1,24,3,Clientes VIP
1361,43,1,46,1,Clientes Leales
1362,32,1,11,1,Clientes Leales
1363,46,1,21,1,Clientes Leales
1364,90,1,3,2,Clientes en Riesgo
1365,75,1,45,3,Clientes VIP
1366,69,1,32,3,Clientes VIP
1367,40,1,40,1,Clientes Leales
1368,63,1,25,3,Clientes VIP
1369,36,1,48,1,Clientes Leales
1370,75,1,2,2,Clientes en Riesgo
1371,67,1,9,0,Clientes Ocasionales
1372,64,1,8,0,Clientes Ocasionales
1373,61,1,6,0,Clientes Ocasionales
1374,40,1,44,1,Clientes Leales
1375,97,1,45,3,Clientes VIP
1376,31,1,42,1,Clientes Leales
1377,65,1,26,3,Clientes VIP
1378,54,1,8,0,Clientes Ocasionales
1379,49,1,26,3,Clientes VIP
1380,64,1,12,0,Clientes Ocasionales
1381,35,1,9,1,Clientes Leales
1382,86,1,2,2,Clientes en Riesgo
1383,55,1,34,3,Clientes VIP
1384,58,1,46,3,Clientes VIP
1385,96,1,42,3,Clientes VIP
1386,64,1,49,3,Clientes VIP
1387,56,1,46,3,Clientes VIP
1388,85,1,30,3,Clientes VIP
1389,23,1,10,1,Clientes Leales
1390,72,1,42,3,Clientes VIP
1391,38,1,8,1,Clientes Leales
1392,29,1,12,1,Clientes Leales
1393,46,1,16,1,Clientes Leales
1394,58,1,36,3,Clientes VIP
1395,43,1,11,1,Clientes Leales
1396,32,1,10,1,Clientes Leales
1397,30,1,1,2,Clientes en Riesgo
1398,67,1,17,0,Clientes Ocasionales
1399,45,1,25,1,Clientes Leales
1400,81,1,2,2,Clientes en Riesgo
1401,23,1,28,1,Clientes Leales
1402,59,1,49,3,Clientes VIP
1403,21,1,3,2,Clientes en Riesgo
1404,20,1,30,1,Clientes Leales
1405,28,1,40,1,Clientes Leales
1406,100,1,11,0,Clientes Ocasionales
1407,46,1,35,1,Clientes Leales
1408,61,1,39,3,Clientes VIP
1409,58,1,12,0,Clientes Ocasionales
1410,50,1,9,0,Clientes Ocasionales
1411,93,1,32,3,Clientes VIP
1412,24,1,37,1,Clientes Leales
1413,100,1,7,0,Clientes Ocasionales
1414,79,1,38,3,Clientes VIP
1415,51,1,47,3,Clientes VIP
1416,90,1,38,3,Clientes VIP
1417,56,1,4,2,Clientes en Riesgo
1418,25,1,29,1,Clientes Leales
1419,75,1,27,3,Clientes VIP
1420,75,1,46,3,Clientes VIP
1421,53,1,5,2,Clientes en Riesgo
1422,100,1,26,3,Clientes VIP
1423,27,1,47,1,Clientes Leales
1424,60,1,38,3,Clientes VIP
1425,23,1,16,1,Clientes Leales
1426,40,1,11,1,Clientes Leales
1427,38,1,15,1,Clientes Leales
1428,90,1,42,3,Clientes VIP
1429,97,1,8,0,Clientes Ocasionales
1430,38,1,44,1,Clientes Leales
1431,30,1,47,1,Clientes Leales
1432,88,1,21,3,Clientes VIP
1433,33,1,18,1,Clientes Leales
1434,60,1,5,2,Clientes en Riesgo
1435,64,1,29,3,Clientes VIP
1436,95,1,9,0,Clientes Ocasionales
1437,83,1,27,3,Clientes VIP
1438,97,1,36,3,Clientes VIP
1439,38,1,26,1,Clientes Leales
1440,48,1,25,1,Clientes Leales
1441,76,1,37,3,Clientes VIP
1442,25,1,47,1,Clientes Leales
1443,92,1,8,0,Clientes Ocasionales
1444,47,1,48,3,Clientes VIP
1445,36,1,24,1,Clientes Leales
1446,51,1,26,3,Clientes VIP
1447,35,1,44,1,Clientes Leales
1448,57,1,25,3,Clientes VIP
1449,95,1,39,3,Clientes VIP
1450,41,1,30,1,Clientes Leales
1451,44,1,25,1,Clientes Leales
1452,34,1,15,1,Clientes Leales
1453,25,1,39,1,Clientes Leales
1454,93,1,9,0,Clientes Ocasionales
1455,50,1,33,3,Clientes VIP
1456,79,1,49,3,Clientes VIP
1457,100,1,20,0,Clientes Ocasionales
1458,57,1,3,2,Clientes en Riesgo
1459,28,1,16,1,Clientes Leales
1460,35,1,32,1,Clientes Leales
1461,85,1,17,0,Clientes Ocasionales
1462,95,1,8,0,Clientes Ocasionales
1463,90,1,48,3,Clientes VIP
1464,49,1,49,3,Clientes VIP
1465,92,1,27,3,Clientes VIP
1466,72,1,8,0,Clientes Ocasionales
1467,71,1,47,3,Clientes VIP
1468,27,1,34,1,Clientes Leales
1469,39,1,4,2,Clientes en Riesgo
1470,98,1,19,0,Clientes Ocasionales
1471,27,1,35,1,Clientes Leales
1472,71,1,2,2,Clientes en Riesgo
1473,24,1,39,1,Clientes Leales
1474,63,1,30,3,Clientes VIP
1475,72,1,44,3,Clientes VIP
1476,61,1,26,3,Clientes VIP
1477,56,1,32,3,Clientes VIP
1478,32,1,49,1,Clientes Leales
1479,23,1,37,1,Clientes Leales
1480,100,1,48,3,Clientes VIP
1481,74,1,24,3,Clientes VIP
1482,33,1,19,1,Clientes Leales
1483,67,1,7,0,Clientes Ocasionales
1484,61,1,38,3,Clientes VIP
1485,46,1,28,1,Clientes Leales
1486,56,1,47,3,Clientes VIP
1487,73,1,27,3,Clientes VIP
1488,44,1,24,1,Clientes Leales
1489,44,1,13,1,Clientes Leales
1490,26,1,8,1,Clientes Leales
1491,52,1,35,3,Clientes VIP
1492,54,1,40,3,Clientes VIP
1493,38,1,47,1,Clientes Leales
1494,44,1,6,2,Clientes en Riesgo
1495,76,1,27,3,Clientes VIP
1496,23,1,44,1,Clientes Leales
1497,98,1,41,3,Clientes VIP
1498,33,1,34,1,Clientes Leales
1499,32,1,4,2,Clientes en Riesgo
1500,85,1,26,3,Clientes VIP
1501,69,1,28,3,Clientes VIP
1502,55,1,37,3,Clientes VIP
1503,66,1,30,3,Clientes VIP
1504,30,1,4,2,Clientes en Riesgo
1505,80,1,40,3,Clientes VIP
1506,20,1,11,1,Clientes Leales
1507,30,1,6,1,Clientes Leales
1508,86,1,43,3,Clientes VIP
1509,84,1,47,3,Clientes VIP
1510,54,1,6,0,Clientes Ocasionales
1511,30,1,19,1,Clientes Leales
1512,91,1,2,2,Clientes en Riesgo
1513,23,1,32,1,Clientes Leales
1514,35,1,23,1,Clientes Leales
1515,90,1,49,3,Clientes VIP
1516,93,1,16,0,Clientes Ocasionales
1517,68,1,45,3,Clientes VIP
1518,41,1,38,1,Clientes Leales
1519,73,1,36,3,Clientes VIP
1520,73,1,10,0,Clientes Ocasionales
1521,66,1,11,0,Clientes Ocasionales
1522,59,1,0,2,Clientes en Riesgo
1523,72,1,45,3,Clientes VIP
1524,88,1,15,0,Clientes Ocasionales
1525,76,1,44,3,Clientes VIP
1526,31,1,28,1,Clientes Leales
1527,22,1,23,1,Clientes Leales
1528,75,1,17,0,Clientes Ocasionales
1529,75,1,3,2,Clientes en Riesgo
1530,63,1,2,2,Clientes en Riesgo
1531,21,1,28,1,Clientes Leales
1532,83,1,42,3,Clientes VIP
1533,46,1,45,1,Clientes Leales
1534,59,1,34,3,Clientes VIP
1535,66,1,24,3,Clientes VIP
1536,74,1,42,3,Clientes VIP
1537,82,1,33,3,Clientes VIP
1538,89,1,0,2,Clientes en Riesgo
1539,65,1,28,3,Clientes VIP
1540,55,1,31,3,Clientes VIP
1541,95,1,36,3,Clientes VIP
1542,77,1,15,0,Clientes Ocasionales
1543,44,1,7,0,Clientes Ocasionales
1544,89,1,26,3,Clientes VIP
1545,24,1,33,1,Clientes Leales
1546,43,1,1,2,Clientes en Riesgo
1547,51,1,33,3,Clientes VIP
1548,46,1,10,0,Clientes Ocasionales
1549,32,1,7,1,Clientes Leales
1550,55,1,31,3,Clientes VIP
1551,26,1,10,1,Clientes Leales
1552,29,1,37,1,Clientes Leales
1553,49,1,30,3,Clientes VIP
1554,45,1,29,1,Clientes Leales
1555,48,1,32,3,Clientes VIP
1556,47,1,6,2,Clientes en Riesgo
1557,57,1,24,3,Clientes VIP
1558,34,1,16,1,Clientes Leales
1559,75,1,26,3,Clientes VIP
1560,94,1,27,3,Clientes VIP
1561,84,1,47,3,Clientes VIP
1562,38,1,48,1,Clientes Leales
1563,75,1,27,3,Clientes VIP
1564,44,1,42,1,Clientes Leales
1565,33,1,20,1,Clientes Leales
1566,93,1,2,2,Clientes en Riesgo
1567,99,1,29,3,Clientes VIP
1568,33,1,41,1,Clientes Leales
1569,76,1,42,3,Clientes VIP
1570,63,1,21,3,Clientes VIP
1571,41,1,47,1,Clientes Leales
1572,88,1,39,3,Clientes VIP
1573,92,1,34,3,Clientes VIP
1574,31,1,25,1,Clientes Leales
1575,25,1,18,1,Clientes Leales
1576,28,1,22,1,Clientes Leales
1577,75,1,14,0,Clientes Ocasionales
1578,34,1,43,1,Clientes Leales
1579,97,1,48,3,Clientes VIP
1580,80,1,44,3,Clientes VIP
1581,71,1,20,0,Clientes Ocasionales
1582,77,1,4,2,Clientes en Riesgo
1583,41,1,11,1,Clientes Leales
1584,92,1,42,3,Clientes VIP
1585,95,1,4,0,Clientes Ocasionales
1586,25,1,10,1,Clientes Leales
1587,77,1,29,3,Clientes VIP
1588,99,1,17,0,Clientes Ocasionales
1589,24,1,47,1,Clientes Leales
1590,72,1,2,2,Clientes en Riesgo
1591,80,1,42,3,Clientes VIP
1592,100,1,26,3,Clientes VIP
1593,83,1,40,3,Clientes VIP
1594,95,1,25,3,Clientes VIP
1595,41,1,47,1,Clientes Leales
1596,35,1,5,2,Clientes en Riesgo
1597,30,1,35,1,Clientes Leales
1598,21,1,16,1,Clientes Leales
1599,85,1,29,3,Clientes VIP
1600,54,1,28,3,Clientes VIP
1601,26,1,26,1,Clientes Leales
1602,59,1,17,0,Clientes Ocasionales
1603,48,1,37,3,Clientes VIP
1604,98,1,33,3,Clientes VIP
1605,92,1,25,3,Clientes VIP
1606,46,1,35,1,Clientes Leales
1607,21,1,46,1,Clientes Leales
1608,72,1,7,0,Clientes Ocasionales
1609,58,1,38,3,Clientes VIP
1610,93,1,47,3,Clientes VIP
1611,31,1,49,1,Clientes Leales
1612,26,1,44,1,Clientes Leales
1613,68,1,24,3,Clientes VIP
1614,31,1,44,1,Clientes Leales
1615,41,1,28,1,Clientes Leales
1616,62,1,5,2,Clientes en Riesgo
1617,41,1,0,2,Clientes en Riesgo
1618,64,1,0,2,Clientes en Riesgo
1619,72,1,11,0,Clientes Ocasionales
1620,78,1,0,2,Clientes en Riesgo
1621,47,1,23,1,Clientes Leales
1622,46,1,12,0,Clientes Ocasionales
1623,43,1,13,1,Clientes Leales
1624,58,1,0,2,Clientes en Riesgo
1625,32,1,10,1,Clientes Leales
1626,45,1,47,1,Clientes Leales
1627,35,1,5,2,Clientes en Riesgo
1628,21,1,42,1,Clientes Leales
1629,64,1,43,3,Clientes VIP
1630,88,1,37,3,Clientes VIP
1631,48,1,21,1,Clientes Leales
1632,36,1,43,1,Clientes Leales
1633,28,1,0,2,Clientes en Riesgo
1634,80,1,17,0,Clientes Ocasionales
1635,23,1,20,1,Clientes Leales
1636,24,1,10,1,Clientes Leales
1637,22,1,1,2,Clientes en Riesgo
1638,21,1,18,1,Clientes Leales
1639,51,1,32,3,Clientes VIP
1640,65,1,0,2,Clientes en Riesgo
1641,51,1,37,3,Clientes VIP
1642,32,1,49,1,Clientes Leales
1643,70,1,34,3,Clientes VIP
1644,77,1,44,3,Clientes VIP
1645,90,1,29,3,Clientes VIP
1646,36,1,14,1,Clientes Leales
1647,77,1,30,3,Clientes VIP
1648,78,1,42,3,Clientes VIP
1649,69,1,28,3,Clientes VIP
1650,63,1,47,3,Clientes VIP
1651,36,1,4,2,Clientes en Riesgo
1652,80,1,8,0,Clientes Ocasionales
1653,35,1,49,1,Clientes Leales
1654,93,1,21,3,Clientes VIP
1655,25,1,36,1,Clientes Leales
1656,81,1,46,3,Clientes VIP
1657,42,1,9,1,Clientes Leales
1658,36,1,46,1,Clientes Leales
1659,66,1,3,2,Clientes en Riesgo
1660,37,1,6,2,Clientes en Riesgo
1661,45,1,13,1,Clientes Leales
1662,86,1,29,3,Clientes VIP
1663,24,1,4,2,Clientes en Riesgo
1664,22,1,49,1,Clientes Leales
1665,53,1,15,0,Clientes Ocasionales
1666,41,1,1,2,Clientes en Riesgo
1667,64,1,3,2,Clientes en Riesgo
1668,40,1,26,1,Clientes Leales
1669,33,1,22,1,Clientes Leales
1670,59,1,28,3,Clientes VIP
1671,73,1,30,3,Clientes VIP
1672,22,1,25,1,Clientes Leales
1673,73,1,35,3,Clientes VIP
1674,62,1,1,2,Clientes en Riesgo
1675,56,1,40,3,Clientes VIP
1676,90,1,29,3,Clientes VIP
1677,44,1,16,1,Clientes Leales
1678,35,1,9,1,Clientes Leales
1679,71,1,20,0,Clientes Ocasionales
1680,52,1,26,3,Clientes VIP
1681,37,1,44,1,Clientes Leales
1682,95,1,36,3,Clientes VIP
1683,97,1,13,0,Clientes Ocasionales
1684,57,1,13,0,Clientes Ocasionales
1685,93,1,22,3,Clientes VIP
1686,48,1,7,0,Clientes Ocasionales
1687,75,1,25,3,Clientes VIP
1688,70,1,46,3,Clientes VIP
1689,26,1,37,1,Clientes Leales
1690,73,1,18,0,Clientes Ocasionales
1691,30,1,49,1,Clientes Leales
1692,61,1,46,3,Clientes VIP
1693,75,1,17,0,Clientes Ocasionales
1694,88,1,5,0,Clientes Ocasionales
1695,67,1,30,3,Clientes VIP
1696,95,1,49,3,Clientes VIP
1697,69,1,43,3,Clientes VIP
1698,87,1,2,2,Clientes en Riesgo
1699,41,1,4,2,Clientes en Riesgo
1700,67,1,16,0,Clientes Ocasionales
1701,70,1,14,0,Clientes Ocasionales
1702,41,1,6,2,Clientes en Riesgo
1703,83,1,2,2,Clientes en Riesgo
1704,22,1,38,1,Clientes Leales
1705,20,1,31,1,Clientes Leales
1706,29,1,1,2,Clientes en Riesgo
1707,87,1,25,3,Clientes VIP
1708,81,1,25,3,Clientes VIP
1709,58,1,49,3,Clientes VIP
1710,83,1,31,3,Clientes VIP
1711,59,1,43,3,Clientes VIP
1712,93,1,31,3,Clientes VIP
1713,87,1,41,3,Clientes VIP
1714,22,1,13,1,Clientes Leales
1715,71,1,35,3,Clientes VIP
1716,69,1,20,0,Clientes Ocasionales
1717,47,1,20,1,Clientes Leales
1718,50,1,34,3,Clientes VIP
1719,96,1,36,3,Clientes VIP
1720,39,1,42,1,Clientes Leales
1721,84,1,10,0,Clientes Ocasionales
1722,28,1,26,1,Clientes Leales
1723,51,1,36,3,Clientes VIP
1724,20,1,11,1,Clientes Leales
1725,72,1,29,3,Clientes VIP
1726,33,1,18,1,Clientes Leales
1727,28,1,5,1,Clientes Leales
1728,53,1,31,3,Clientes VIP
1729,48,1,49,3,Clientes VIP
1730,21,1,38,1,Clientes Leales
1731,22,1,24,1,Clientes Leales
1732,87,1,38,3,Clientes VIP
1733,50,1,14,0,Clientes Ocasionales
1734,85,1,28,3,Clientes VIP
1735,98,1,34,3,Clientes VIP
1736,34,1,19,1,Clientes Leales
1737,61,1,7,0,Clientes Ocasionales
1738,98,1,0,2,Clientes en Riesgo
1739,61,1,13,0,Clientes Ocasionales
1740,98,1,27,3,Clientes VIP
1741,21,1,40,1,Clientes Leales
1742,51,1,30,3,Clientes VIP
1743,80,1,32,3,Clientes VIP
1744,72,1,47,3,Clientes VIP
1745,63,1,27,3,Clientes VIP
1746,27,1,23,1,Clientes Leales
1747,44,1,6,2,Clientes en Riesgo
1748,23,1,9,1,Clientes Leales
1749,93,1,9,0,Clientes Ocasionales
1750,70,1,14,0,Clientes Ocasionales
1751,85,1,12,0,Clientes Ocasionales
1752,40,1,16,1,Clientes Leales
1753,29,1,36,1,Clientes Leales
1754,27,1,27,1,Clientes Leales
1755,93,1,32,3,Clientes VIP
1756,20,1,5,1,Clientes Leales
1757,55,1,36,3,Clientes VIP
1758,94,1,2,2,Clientes en Riesgo
1759,56,1,33,3,Clientes VIP
1760,58,1,49,3,Clientes VIP
1761,44,1,11,1,Clientes Leales
1762,95,1,26,3,Clientes VIP
1763,42,1,9,1,Clientes Leales
1764,93,1,22,3,Clientes VIP
1765,56,1,16,0,Clientes Ocasionales
1766,88,1,9,0,Clientes Ocasionales
1767,54,1,23,3,Clientes VIP
1768,89,1,4,0,Clientes Ocasionales
1769,45,1,48,1,Clientes Leales
1770,75,1,5,0,Clientes Ocasionales
1771,22,1,16,1,Clientes Leales
1772,82,1,41,3,Clientes VIP
1773,34,1,49,1,Clientes Leales
1774,92,1,33,3,Clientes VIP
1775,78,1,44,3,Clientes VIP
1776,47,1,38,1,Clientes Leales
1777,64,1,40,3,Clientes VIP
1778,44,1,46,1,Clientes Leales
1779,94,1,42,3,Clientes VIP
1780,62,1,9,0,Clientes Ocasionales
1781,81,1,1,2,Clientes en Riesgo
1782,33,1,1,2,Clientes en Riesgo
1783,88,1,10,0,Clientes Ocasionales
1784,49,1,20,1,Clientes Leales
1785,31,1,46,1,Clientes Leales
1786,29,1,28,1,Clientes Leales
1787,34,1,28,1,Clientes Leales
1788,38,1,40,1,Clientes Leales
1789,41,1,27,1,Clientes Leales
1790,34,1,7,1,Clientes Leales
1791,26,1,19,1,Clientes Leales
1792,98,1,12,0,Clientes Ocasionales
1793,59,1,28,3,Clientes VIP
1794,92,1,5,0,Clientes Ocasionales
1795,40,1,29,1,Clientes Leales
1796,20,1,41,1,Clientes Leales
1797,35,1,16,1,Clientes Leales
1798,35,1,24,1,Clientes Leales
1799,82,1,49,3,Clientes VIP
1800,48,1,3,2,Clientes en Riesgo
1801,58,1,20,0,Clientes Ocasionales
1802,57,1,2,2,Clientes en Riesgo
1803,96,1,19,0,Clientes Ocasionales
1804,97,1,17,0,Clientes Ocasionales
1805,42,1,11,1,Clientes Leales
1806,62,1,4,2,Clientes en Riesgo
1807,67,1,26,3,Clientes VIP
1808,46,1,13,0,Clientes Ocasionales
1809,71,1,43,3,Clientes VIP
1810,99,1,44,3,Clientes VIP
1811,28,1,34,1,Clientes Leales
1812,77,1,17,0,Clientes Ocasionales
1813,63,1,32,3,Clientes VIP
1814,62,1,26,3,Clientes VIP
1815,92,1,26,3,Clientes VIP
1816,72,1,2,2,Clientes en Riesgo
1817,79,1,46,3,Clientes VIP
1818,27,1,30,1,Clientes Leales
1819,39,1,3,2,Clientes en Riesgo
1820,86,1,0,2,Clientes en Riesgo
1821,94,1,19,0,Clientes Ocasionales
1822,53,1,21,3,Clientes VIP
1823,85,1,46,3,Clientes VIP
1824,50,1,10,0,Clientes Ocasionales
1825,47,1,19,1,Clientes Leales
1826,75,1,9,0,Clientes Ocasionales
1827,60,1,6,0,Clientes Ocasionales
1828,36,1,19,1,Clientes Leales
1829,80,1,5,0,Clientes Ocasionales
1830,96,1,0,2,Clientes en Riesgo
1831,80,1,43,3,Clientes VIP
1832,71,1,45,3,Clientes VIP
1833,29,1,2,2,Clientes en Riesgo
1834,53,1,31,3,Clientes VIP
1835,35,1,11,1,Clientes Leales
1836,75,1,5,0,Clientes Ocasionales
1837,52,1,15,0,Clientes Ocasionales
1838,77,1,42,3,Clientes VIP
1839,24,1,39,1,Clientes Leales
1840,78,1,18,0,Clientes Ocasionales
1841,98,1,4,0,Clientes Ocasionales
1842,57,1,43,3,Clientes VIP
1843,78,1,49,3,Clientes VIP
1844,76,1,18,0,Clientes Ocasionales
1845,26,1,19,1,Clientes Leales
1846,78,1,11,0,Clientes Ocasionales
1847,53,1,41,3,Clientes VIP
1848,100,1,1,2,Clientes en Riesgo
1849,73,1,16,0,Clientes Ocasionales
1850,40,1,15,1,Clientes Leales
1851,76,1,0,2,Clientes en Riesgo
1852,80,1,46,3,Clientes VIP
1853,80,1,18,0,Clientes Ocasionales
1854,67,1,39,3,Clientes VIP
1855,61,1,1,2,Clientes en Riesgo
1856,76,1,41,3,Clientes VIP
1857,55,1,20,0,Clientes Ocasionales
1858,85,1,17,0,Clientes Ocasionales
1859,69,1,42,3,Clientes VIP
1860,26,1,21,1,Clientes Leales
1861,64,1,46,3,Clientes VIP
1862,60,1,31,3,Clientes VIP
1863,36,1,40,1,Clientes Leales
1864,21,1,11,1,Clientes Leales
1865,72,1,29,3,Clientes VIP
1866,62,1,38,3,Clientes VIP
1867,44,1,41,1,Clientes Leales
1868,52,1,30,3,Clientes VIP
1869,58,1,6,0,Clientes Ocasionales
1870,77,1,34,3,Clientes VIP
1871,99,1,23,3,Clientes VIP
1872,96,1,36,3,Clientes VIP
1873,64,1,26,3,Clientes VIP
1874,44,1,1,2,Clientes en Riesgo
1875,33,1,36,1,Clientes Leales
1876,71,1,44,3,Clientes VIP
1877,36,1,30,1,Clientes Leales
1878,62,1,47,3,Clientes VIP
1879,29,1,45,1,Clientes Leales
1880,33,1,4,2,Clientes en Riesgo
1881,33,1,42,1,Clientes Leales
1882,41,1,37,1,Clientes Leales
1883,54,1,25,3,Clientes VIP
1884,58,1,11,0,Clientes Ocasionales
1885,30,1,35,1,Clientes Leales
1886,53,1,15,0,Clientes Ocasionales
1887,91,1,4,0,Clientes Ocasionales
1888,44,1,47,1,Clientes Leales
1889,89,1,2,2,Clientes en Riesgo
1890,57,1,23,3,Clientes VIP
1891,57,1,45,3,Clientes VIP
1892,74,1,2,2,Clientes en Riesgo
1893,30,1,38,1,Clientes Leales
1894,20,1,40,1,Clientes Leales
1895,90,1,2,2,Clientes en Riesgo
1896,61,1,47,3,Clientes VIP
1897,51,1,31,3,Clientes VIP
1898,97,1,39,3,Clientes VIP
1899,97,1,25,3,Clientes VIP
1900,40,1,8,1,Clientes Leales
1901,85,1,16,0,Clientes Ocasionales
1902,76,1,0,2,Clientes en Riesgo
1903,22,1,29,1,Clientes Leales
1904,63,1,13,0,Clientes Ocasionales
1905,71,1,4,2,Clientes en Riesgo
1906,35,1,36,1,Clientes Leales
1907,30,1,26,1,Clientes Leales
1908,74,1,14,0,Clientes Ocasionales
1909,71,1,31,3,Clientes VIP
1910,84,1,38,3,Clientes VIP
1911,38,1,37,1,Clientes Leales
1912,81,1,18,0,Clientes Ocasionales
1913,56,1,45,3,Clientes VIP
1914,48,1,21,1,Clientes Leales
1915,97,1,10,0,Clientes Ocasionales
1916,74,1,6,0,Clientes Ocasionales
1917,50,1,47,3,Clientes VIP
1918,71,1,15,0,Clientes Ocasionales
1919,33,1,17,1,Clientes Leales
1920,56,1,30,3,Clientes VIP
1921,84,1,10,0,Clientes Ocasionales
1922,36,1,37,1,Clientes Leales
1923,63,1,41,3,Clientes VIP
1924,36,1,43,1,Clientes Leales
1925,63,1,8,0,Clientes Ocasionales
1926,32,1,6,1,Clientes Leales
1927,93,1,44,3,Clientes VIP
1928,29,1,42,1,Clientes Leales
1929,92,1,40,3,Clientes VIP
1930,33,1,4,2,Clientes en Riesgo
1931,52,1,24,3,Clientes VIP
1932,42,1,44,1,Clientes Leales
1933,36,1,3,2,Clientes en Riesgo
1934,67,1,22,3,Clientes VIP
1935,43,1,27,1,Clientes Leales
1936,68,1,5,0,Clientes Ocasionales
1937,60,1,6,0,Clientes Ocasionales
1938,53,1,39,3,Clientes VIP
1939,23,1,11,1,Clientes Leales
1940,57,1,30,3,Clientes VIP
1941,89,1,2,2,Clientes en Riesgo
1942,99,1,4,0,Clientes Ocasionales
1943,28,1,28,1,Clientes Leales
1944,53,1,5,2,Clientes en Riesgo
1945,45,1,1,2,Clientes en Riesgo
1946,38,1,41,1,Clientes Leales
1947,49,1,9,0,Clientes Ocasionales
1948,32,1,48,1,Clientes Leales
1949,37,1,11,1,Clientes Leales
1950,80,1,38,3,Clientes VIP
1951,78,1,24,3,Clientes VIP
1952,53,1,18,0,Clientes Ocasionales
1953,82,1,0,2,Clientes en Riesgo
1954,33,1,47,1,Clientes Leales
1955,77,1,47,3,Clientes VIP
1956,56,1,13,0,Clientes Ocasionales
1957,37,1,30,1,Clientes Leales
1958,54,1,24,3,Clientes VIP
1959,67,1,3,2,Clientes en Riesgo
1960,90,1,43,3,Clientes VIP
1961,72,1,10,0,Clientes Ocasionales
1962,59,1,5,2,Clientes en Riesgo
1963,45,1,30,1,Clientes Leales
1964,30,1,39,1,Clientes Leales
1965,51,1,0,2,Clientes en Riesgo
1966,90,1,25,3,Clientes VIP
1967,95,1,45,3,Clientes VIP
1968,81,1,46,3,Clientes VIP
1969,70,1,25,3,Clientes VIP
1970,32,1,39,1,Clientes Leales
1971,94,1,46,3,Clientes VIP
1972,29,1,49,1,Clientes Leales
1973,31,1,2,2,Clientes en Riesgo
1974,20,1,41,1,Clientes Leales
1975,44,1,48,1,Clientes Leales
1976,77,1,46,3,Clientes VIP
1977,51,1,7,0,Clientes Ocasionales
1978,49,1,18,0,Clientes Ocasionales
1979,78,1,49,3,Clientes VIP
1980,98,1,12,0,Clientes Ocasionales
1981,94,1,25,3,Clientes VIP
1982,91,1,8,0,Clientes Ocasionales
1983,77,1,18,0,Clientes Ocasionales
1984,97,1,29,3,Clientes VIP
1985,58,1,24,3,Clientes VIP
1986,97,1,44,3,Clientes VIP
1987,48,1,36,3,Clientes VIP
1988,23,1,46,1,Clientes Leales
1989,79,1,24,3,Clientes VIP
1990,42,1,11,1,Clientes Leales
1991,95,1,35,3,Clientes VIP
1992,29,1,49,1,Clientes Leales
1993,98,1,22,3,Clientes VIP
1994,96,1,33,3,Clientes VIP
1995,66,1,26,3,Clientes VIP
1996,80,1,21,3,Clientes VIP
1997,27,1,32,1,Clientes Leales
1998,25,1,40,1,Clientes Leales
1999,45,1,31,1,Clientes Leales
2000,89,1,24,3,Clientes VIP
2001,27,1,25,1,Clientes Leales
2002,90,1,48,3,Clientes VIP
2003,65,1,31,3,Clientes VIP
2004,72,1,18,0,Clientes Ocasionales
2005,70,1,37,3,Clientes VIP
2006,82,1,20,0,Clientes Ocasionales
2007,97,1,48,3,Clientes VIP
2008,25,1,42,1,Clientes Leales
2009,48,1,23,1,Clientes Leales
2010,99,1,24,3,Clientes VIP
2011,21,1,47,1,Clientes Leales
2012,94,1,46,3,Clientes VIP
2013,53,1,45,3,Clientes VIP
2014,70,1,25,3,Clientes VIP
2015,26,1,3,2,Clientes en Riesgo
2016,82,1,42,3,Clientes VIP
2017,47,1,30,1,Clientes Leales
2018,32,1,8,1,Clientes Leales
2019,97,1,30,3,Clientes VIP
2020,68,1,27,3,Clientes VIP
2021,23,1,24,1,Clientes Leales
2022,33,1,2,2,Clientes en Riesgo
2023,38,1,34,1,Clientes Leales
2024,68,1,22,3,Clientes VIP
2025,23,1,11,1,Clientes Leales
2026,29,1,7,1,Clientes Leales
2027,35,1,5,2,Clientes en Riesgo
2028,73,1,0,2,Clientes en Riesgo
2029,84,1,40,3,Clientes VIP
2030,23,1,10,1,Clientes Leales
2031,67,1,12,0,Clientes Ocasionales
2032,51,1,48,3,Clientes VIP
2033,36,1,37,1,Clientes Leales
2034,55,1,17,0,Clientes Ocasionales
2035,30,1,23,1,Clientes Leales
2036,70,1,7,0,Clientes Ocasionales
2037,63,1,4,2,Clientes en Riesgo
2038,87,1,43,3,Clientes VIP
2039,70,1,15,0,Clientes Ocasionales
2040,51,1,19,0,Clientes Ocasionales
2041,25,1,8,1,Clientes Leales
2042,32,1,36,1,Clientes Leales
2043,52,1,15,0,Clientes Ocasionales
2044,33,1,1,2,Clientes en Riesgo
2045,68,1,33,3,Clientes VIP
2046,20,1,24,1,Clientes Leales
2047,32,1,20,1,Clientes Leales
2048,82,1,18,0,Clientes Ocasionales
2049,64,1,15,0,Clientes Ocasionales
2050,24,1,35,1,Clientes Leales
2051,96,1,40,3,Clientes VIP
2052,94,1,36,3,Clientes VIP
2053,48,1,20,1,Clientes Leales
2054,60,1,34,3,Clientes VIP
2055,56,1,36,3,Clientes VIP
2056,33,1,22,1,Clientes Leales
2057,46,1,21,1,Clientes Leales
2058,37,1,45,1,Clientes Leales
2059,98,1,33,3,Clientes VIP
2060,50,1,0,2,Clientes en Riesgo
2061,63,1,27,3,Clientes VIP
2062,70,1,28,3,Clientes VIP
2063,63,1,35,3,Clientes VIP
2064,86,1,18,0,Clientes Ocasionales
2065,99,1,45,3,Clientes VIP
2066,40,1,44,1,Clientes Leales
2067,92,1,6,0,Clientes Ocasionales
2068,21,1,27,1,Clientes Leales
2069,81,1,6,0,Clientes Ocasionales
2070,82,1,47,3,Clientes VIP
2071,88,1,36,3,Clientes VIP
2072,100,1,13,0,Clientes Ocasionales
2073,66,1,28,3,Clientes VIP
2074,25,1,48,1,Clientes Leales
2075,53,1,6,0,Clientes Ocasionales
2076,28,1,1,2,Clientes en Riesgo
2077,23,1,28,1,Clientes Leales
2078,34,1,24,1,Clientes Leales
2079,42,1,10,1,Clientes Leales
2080,24,1,34,1,Clientes Leales
2081,47,1,33,1,Clientes Leales
2082,78,1,2,2,Clientes en Riesgo
2083,89,1,22,3,Clientes VIP
2084,59,1,24,3,Clientes VIP
2085,94,1,7,0,Clientes Ocasionales
2086,49,1,12,0,Clientes Ocasionales
2087,89,1,14,0,Clientes Ocasionales
2088,91,1,49,3,Clientes VIP
2089,89,1,1,2,Clientes en Riesgo
2090,57,1,9,0,Clientes Ocasionales
2091,71,1,29,3,Clientes VIP
2092,97,1,26,3,Clientes VIP
2093,45,1,23,1,Clientes Leales
2094,91,1,46,3,Clientes VIP
2095,25,1,31,1,Clientes Leales
2096,63,1,49,3,Clientes VIP
2097,52,1,23,3,Clientes VIP
2098,43,1,45,1,Clientes Leales
2099,28,1,30,1,Clientes Leales
2100,78,1,0,2,Clientes en Riesgo
2101,31,1,14,1,Clientes Leales
2102,23,1,38,1,Clientes Leales
2103,25,1,27,1,Clientes Leales
2104,86,1,29,3,Clientes VIP
2105,88,1,3,2,Clientes en Riesgo
2106,35,1,12,1,Clientes Leales
2107,34,1,10,1,Clientes Leales
2108,75,1,15,0,Clientes Ocasionales
2109,46,1,46,1,Clientes Leales
2110,31,1,22,1,Clientes Leales
2111,93,1,14,0,Clientes Ocasionales
2112,85,1,35,3,Clientes VIP
2113,68,1,43,3,Clientes VIP
2114,40,1,21,1,Clientes Leales
2115,51,1,38,3,Clientes VIP
2116,85,1,34,3,Clientes VIP
2117,23,1,0,2,Clientes en Riesgo
2118,28,1,39,1,Clientes Leales
2119,44,1,22,1,Clientes Leales
2120,57,1,14,0,Clientes Ocasionales
2121,98,1,12,0,Clientes Ocasionales
2122,68,1,18,0,Clientes Ocasionales
2123,36,1,8,1,Clientes Leales
2124,71,1,28,3,Clientes VIP
2125,60,1,28,3,Clientes VIP
2126,87,1,19,0,Clientes Ocasionales
2127,38,1,22,1,Clientes Leales
2128,45,1,10,0,Clientes Ocasionales
2129,47,1,29,1,Clientes Leales
2130,57,1,38,3,Clientes VIP
2131,68,1,17,0,Clientes Ocasionales
2132,52,1,41,3,Clientes VIP
2133,87,1,35,3,Clientes VIP
2134,34,1,37,1,Clientes Leales
2135,41,1,15,1,Clientes Leales
2136,94,1,49,3,Clientes VIP
2137,93,1,25,3,Clientes VIP
2138,51,1,30,3,Clientes VIP
2139,42,1,14,1,Clientes Leales
2140,95,1,17,0,Clientes Ocasionales
2141,90,1,14,0,Clientes Ocasionales
2142,98,1,18,0,Clientes Ocasionales
2143,39,1,29,1,Clientes Leales
2144,66,1,2,2,Clientes en Riesgo
2145,23,1,25,1,Clientes Leales
2146,73,1,18,0,Clientes Ocasionales
2147,23,1,5,1,Clientes Leales
2148,43,1,46,1,Clientes Leales
2149,45,1,31,1,Clientes Leales
2150,21,1,49,1,Clientes Leales
2151,40,1,38,1,Clientes Leales
2152,58,1,32,3,Clientes VIP
2153,48,1,7,0,Clientes Ocasionales
2154,94,1,19,0,Clientes Ocasionales
2155,74,1,17,0,Clientes Ocasionales
2156,51,1,4,2,Clientes en Riesgo
2157,83,1,9,0,Clientes Ocasionales
2158,68,1,9,0,Clientes Ocasionales
2159,84,1,41,3,Clientes VIP
2160,58,1,16,0,Clientes Ocasionales
2161,92,1,29,3,Clientes VIP
2162,69,1,45,3,Clientes VIP
2163,48,1,18,1,Clientes Leales
2164,60,1,6,0,Clientes Ocasionales
2165,20,1,4,1,Clientes Leales
2166,55,1,8,0,Clientes Ocasionales
2167,88,1,0,2,Clientes en Riesgo
2168,48,1,17,1,Clientes Leales
2169,74,1,18,0,Clientes Ocasionales
2170,42,1,18,1,Clientes Leales
2171,32,1,13,1,Clientes Leales
2172,98,1,41,3,Clientes VIP
2173,89,1,44,3,Clientes VIP
2174,97,1,14,0,Clientes Ocasionales
2175,49,1,49,3,Clientes VIP
2176,50,1,2,2,Clientes en Riesgo
2177,91,1,6,0,Clientes Ocasionales
2178,93,1,41,3,Clientes VIP
2179,98,1,18,0,Clientes Ocasionales
2180,82,1,36,3,Clientes VIP
2181,37,1,7,1,Clientes Leales
2182,63,1,18,0,Clientes Ocasionales
2183,99,1,24,3,Clientes VIP
2184,37,1,48,1,Clientes Leales
2185,34,1,34,1,Clientes Leales
2186,32,1,0,2,Clientes en Riesgo
2187,23,1,44,1,Clientes Leales
2188,78,1,30,3,Clientes VIP
2189,54,1,41,3,Clientes VIP
2190,94,1,3,2,Clientes en Riesgo
2191,75,1,17,0,Clientes Ocasionales
2192,69,1,4,2,Clientes en Riesgo
2193,35,1,41,1,Clientes Leales
2194,78,1,42,3,Clientes VIP
2195,29,1,2,2,Clientes en Riesgo
2196,62,1,48,3,Clientes VIP
2197,58,1,19,0,Clientes Ocasionales
2198,88,1,10,0,Clientes Ocasionales
2199,80,1,15,0,Clientes Ocasionales
2200,47,1,10,0,Clientes Ocasionales
2201,51,1,23,3,Clientes VIP
2202,25,1,40,1,Clientes Leales
2203,36,1,27,1,Clientes Leales
2204,79,1,18,0,Clientes Ocasionales
2205,41,1,44,1,Clientes Leales
2206,68,1,23,3,Clientes VIP
2207,51,1,25,3,Clientes VIP
2208,38,1,39,1,Clientes Leales
2209,46,1,27,1,Clientes Leales
2210,20,1,6,1,Clientes Leales
2211,25,1,15,1,Clientes Leales
2212,89,1,5,0,Clientes Ocasionales
2213,77,1,28,3,Clientes VIP
2214,94,1,32,3,Clientes VIP
2215,100,1,30,3,Clientes VIP
2216,96,1,22,3,Clientes VIP
2217,36,1,35,1,Clientes Leales
2218,27,1,8,1,Clientes Leales
2219,67,1,30,3,Clientes VIP
2220,91,1,34,3,Clientes VIP
2221,62,1,3,2,Clientes en Riesgo
2222,88,1,16,0,Clientes Ocasionales
2223,66,1,20,0,Clientes Ocasionales
2224,65,1,45,3,Clientes VIP
2225,25,1,12,1,Clientes Leales
2226,64,1,32,3,Clientes VIP
2227,72,1,22,3,Clientes VIP
2228,74,1,8,0,Clientes Ocasionales
2229,50,1,45,3,Clientes VIP
2230,97,1,0,2,Clientes en Riesgo
2231,36,1,17,1,Clientes Leales
2232,49,1,49,3,Clientes VIP
2233,64,1,36,3,Clientes VIP
2234,31,1,2,2,Clientes en Riesgo
2235,66,1,24,3,Clientes VIP
2236,82,1,6,0,Clientes Ocasionales
2237,88,1,32,3,Clientes VIP
2238,34,1,19,1,Clientes Leales
2239,84,1,32,3,Clientes VIP
2240,96,1,9,0,Clientes Ocasionales
2241,71,1,32,3,Clientes VIP
2242,77,1,47,3,Clientes VIP
2243,66,1,45,3,Clientes VIP
2244,21,1,37,1,Clientes Leales
2245,37,1,28,1,Clientes Leales
2246,90,1,5,0,Clientes Ocasionales
2247,96,1,11,0,Clientes Ocasionales
2248,37,1,32,1,Clientes Leales
2249,66,1,31,3,Clientes VIP
2250,45,1,21,1,Clientes Leales
2251,89,1,31,3,Clientes VIP
2252,94,1,28,3,Clientes VIP
2253,96,1,29,3,Clientes VIP
2254,31,1,28,1,Clientes Leales
2255,79,1,6,0,Clientes Ocasionales
2256,39,1,8,1,Clientes Leales
2257,22,1,17,1,Clientes Leales
2258,32,1,44,1,Clientes Leales
2259,71,1,6,0,Clientes Ocasionales
2260,96,1,26,3,Clientes VIP
2261,82,1,34,3,Clientes VIP
2262,76,1,38,3,Clientes VIP
2263,22,1,0,2,Clientes en Riesgo
2264,40,1,8,1,Clientes Leales
2265,92,1,0,2,Clientes en Riesgo
2266,94,1,40,3,Clientes VIP
2267,44,1,18,1,Clientes Leales
2268,49,1,13,0,Clientes Ocasionales
2269,26,1,35,1,Clientes Leales
2270,38,1,23,1,Clientes Leales
2271,72,1,43,3,Clientes VIP
2272,99,1,1,2,Clientes en Riesgo
2273,38,1,6,2,Clientes en Riesgo
2274,96,1,37,3,Clientes VIP
2275,27,1,12,1,Clientes Leales
2276,24,1,40,1,Clientes Leales
2277,82,1,25,3,Clientes VIP
2278,56,1,32,3,Clientes VIP
2279,25,1,44,1,Clientes Leales
2280,67,1,15,0,Clientes Ocasionales
2281,21,1,19,1,Clientes Leales
2282,27,1,9,1,Clientes Leales
2283,97,1,42,3,Clientes VIP
2284,45,1,16,1,Clientes Leales
2285,63,1,30,3,Clientes VIP
2286,100,1,12,0,Clientes Ocasionales
2287,38,1,15,1,Clientes Leales
2288,45,1,44,1,Clientes Leales
2289,91,1,0,2,Clientes en Riesgo
2290,82,1,3,2,Clientes en Riesgo
2291,48,1,27,1,Clientes Leales
2292,30,1,37,1,Clientes Leales
2293,34,1,19,1,Clientes Leales
2294,68,1,34,3,Clientes VIP
2295,95,1,10,0,Clientes Ocasionales
2296,22,1,5,1,Clientes Leales
2297,88,1,0,2,Clientes en Riesgo
2298,83,1,49,3,Clientes VIP
2299,87,1,40,3,Clientes VIP
2300,57,1,2,2,Clientes en Riesgo
2301,88,1,12,0,Clientes Ocasionales
2302,20,1,29,1,Clientes Leales
2303,39,1,12,1,Clientes Leales
2304,71,1,19,0,Clientes Ocasionales
2305,73,1,41,3,Clientes VIP
2306,63,1,3,2,Clientes en Riesgo
2307,78,1,42,3,Clientes VIP
2308,96,1,20,0,Clientes Ocasionales
2309,81,1,28,3,Clientes VIP
2310,95,1,47,3,Clientes VIP
2311,68,1,35,3,Clientes VIP
2312,28,1,40,1,Clientes Leales
2313,30,1,31,1,Clientes Leales
2314,31,1,14,1,Clientes Leales
2315,95,1,38,3,Clientes VIP
2316,79,1,1,2,Clientes en Riesgo
2317,39,1,43,1,Clientes Leales
2318,34,1,22,1,Clientes Leales
2319,28,1,20,1,Clientes Leales
2320,38,1,21,1,Clientes Leales
2321,55,1,41,3,Clientes VIP
2322,31,1,23,1,Clientes Leales
2323,84,1,29,3,Clientes VIP
2324,93,1,14,0,Clientes Ocasionales
2325,28,1,31,1,Clientes Leales
2326,55,1,3,2,Clientes en Riesgo
2327,63,1,12,0,Clientes Ocasionales
2328,94,1,28,3,Clientes VIP
2329,36,1,21,1,Clientes Leales
2330,97,1,8,0,Clientes Ocasionales
2331,63,1,3,2,Clientes en Riesgo
2332,77,1,40,3,Clientes VIP
2333,53,1,40,3,Clientes VIP
2334,77,1,49,3,Clientes VIP
2335,79,1,43,3,Clientes VIP
2336,37,1,40,1,Clientes Leales
2337,94,1,39,3,Clientes VIP
2338,76,1,45,3,Clientes VIP
2339,68,1,29,3,Clientes VIP
2340,65,1,26,3,Clientes VIP
2341,24,1,13,1,Clientes Leales
2342,31,1,28,1,Clientes Leales
2343,89,1,34,3,Clientes VIP
2344,49,1,6,2,Clientes en Riesgo
2345,92,1,36,3,Clientes VIP
2346,32,1,27,1,Clientes Leales
2347,67,1,4,2,Clientes en Riesgo
2348,64,1,4,2,Clientes en Riesgo
2349,84,1,34,3,Clientes VIP
2350,34,1,10,1,Clientes Leales
2351,26,1,29,1,Clientes Leales
2352,50,1,25,3,Clientes VIP
2353,46,1,25,1,Clientes Leales
2354,71,1,25,3,Clientes VIP
2355,78,1,23,3,Clientes VIP
2356,35,1,38,1,Clientes Leales
2357,58,1,23,3,Clientes VIP
2358,67,1,10,0,Clientes Ocasionales
2359,93,1,12,0,Clientes Ocasionales
2360,81,1,6,0,Clientes Ocasionales
2361,80,1,23,3,Clientes VIP
2362,64,1,20,0,Clientes Ocasionales
2363,41,1,26,1,Clientes Leales
2364,79,1,12,0,Clientes Ocasionales
2365,60,1,46,3,Clientes VIP
2366,91,1,18,0,Clientes Ocasionales
2367,66,1,18,0,Clientes Ocasionales
2368,85,1,22,3,Clientes VIP
2369,38,1,44,1,Clientes Leales
2370,23,1,26,1,Clientes Leales
2371,71,1,12,0,Clientes Ocasionales
2372,25,1,22,1,Clientes Leales
2373,39,1,41,1,Clientes Leales
2374,20,1,29,1,Clientes Leales
2375,73,1,19,0,Clientes Ocasionales
2376,63,1,32,3,Clientes VIP
2377,94,1,45,3,Clientes VIP
2378,94,1,28,3,Clientes VIP
2379,71,1,13,0,Clientes Ocasionales
2380,77,1,28,3,Clientes VIP
2381,66,1,14,0,Clientes Ocasionales
2382,23,1,27,1,Clientes Leales
2383,60,1,6,0,Clientes Ocasionales
2384,72,1,25,3,Clientes VIP
2385,35,1,10,1,Clientes Leales
2386,31,1,38,1,Clientes Leales
2387,33,1,36,1,Clientes Leales
2388,95,1,36,3,Clientes VIP
2389,68,1,40,3,Clientes VIP
2390,87,1,33,3,Clientes VIP
2391,64,1,26,3,Clientes VIP
2392,74,1,19,0,Clientes Ocasionales
2393,62,1,14,0,Clientes Ocasionales
2394,97,1,12,0,Clientes Ocasionales
2395,47,1,27,1,Clientes Leales
2396,83,1,3,2,Clientes en Riesgo
2397,82,1,30,3,Clientes VIP
2398,26,1,9,1,Clientes Leales
2399,81,1,6,0,Clientes Ocasionales
2400,44,1,19,1,Clientes Leales
2401,88,1,39,3,Clientes VIP
2402,76,1,25,3,Clientes VIP
2403,89,1,19,0,Clientes Ocasionales
2404,22,1,10,1,Clientes Leales
2405,33,1,27,1,Clientes Leales
2406,97,1,45,3,Clientes VIP
2407,57,1,24,3,Clientes VIP
2408,38,1,39,1,Clientes Leales
2409,55,1,6,0,Clientes Ocasionales
2410,37,1,3,2,Clientes en Riesgo
2411,43,1,4,2,Clientes en Riesgo
2412,96,1,15,0,Clientes Ocasionales
2413,51,1,42,3,Clientes VIP
2414,95,1,20,0,Clientes Ocasionales
2415,26,1,36,1,Clientes Leales
2416,34,1,20,1,Clientes Leales
2417,83,1,24,3,Clientes VIP
2418,24,1,18,1,Clientes Leales
2419,69,1,3,2,Clientes en Riesgo
2420,40,1,39,1,Clientes Leales
2421,87,1,22,3,Clientes VIP
2422,46,1,48,3,Clientes VIP
2423,82,1,5,0,Clientes Ocasionales
2424,81,1,43,3,Clientes VIP
2425,57,1,22,3,Clientes VIP
2426,49,1,16,0,Clientes Ocasionales
2427,42,1,24,1,Clientes Leales
2428,26,1,5,1,Clientes Leales
2429,38,1,16,1,Clientes Leales
2430,57,1,3,2,Clientes en Riesgo
2431,100,1,8,0,Clientes Ocasionales
2432,73,1,23,3,Clientes VIP
2433,66,1,7,0,Clientes Ocasionales
2434,73,1,34,3,Clientes VIP
2435,45,1,10,0,Clientes Ocasionales
2436,27,1,21,1,Clientes Leales
2437,24,1,12,1,Clientes Leales
2438,59,1,16,0,Clientes Ocasionales
2439,20,1,20,1,Clientes Leales
2440,44,1,5,2,Clientes en Riesgo
2441,90,1,3,2,Clientes en Riesgo
2442,36,1,45,1,Clientes Leales
2443,95,1,0,2,Clientes en Riesgo
2444,30,1,26,1,Clientes Leales
2445,65,1,35,3,Clientes VIP
2446,96,1,0,2,Clientes en Riesgo
2447,65,1,43,3,Clientes VIP
2448,47,1,40,3,Clientes VIP
2449,25,1,12,1,Clientes Leales
2450,56,1,19,0,Clientes Ocasionales
2451,76,1,43,3,Clientes VIP
2452,60,1,23,3,Clientes VIP
2453,67,1,5,0,Clientes Ocasionales
2454,95,1,37,3,Clientes VIP
2455,72,1,17,0,Clientes Ocasionales
2456,98,1,25,3,Clientes VIP
2457,83,1,45,3,Clientes VIP
2458,37,1,27,1,Clientes Leales
2459,85,1,33,3,Clientes VIP
2460,36,1,36,1,Clientes Leales
2461,36,1,22,1,Clientes Leales
2462,86,1,31,3,Clientes VIP
2463,99,1,19,0,Clientes Ocasionales
2464,21,1,25,1,Clientes Leales
2465,84,1,46,3,Clientes VIP
2466,63,1,30,3,Clientes VIP
2467,84,1,13,0,Clientes Ocasionales
2468,72,1,22,3,Clientes VIP
2469,21,1,44,1,Clientes Leales
2470,92,1,23,3,Clientes VIP
2471,72,1,21,3,Clientes VIP
2472,83,1,49,3,Clientes VIP
2473,73,1,19,0,Clientes Ocasionales
2474,98,1,22,3,Clientes VIP
2475,76,1,31,3,Clientes VIP
2476,43,1,14,1,Clientes Leales
2477,60,1,22,3,Clientes VIP
2478,40,1,21,1,Clientes Leales
2479,93,1,41,3,Clientes VIP
2480,98,1,24,3,Clientes VIP
2481,91,1,43,3,Clientes VIP
2482,92,1,15,0,Clientes Ocasionales
2483,87,1,4,0,Clientes Ocasionales
2484,96,1,42,3,Clientes VIP
2485,97,1,0,2,Clientes en Riesgo
2486,55,1,13,0,Clientes Ocasionales
2487,58,1,44,3,Clientes VIP
2488,21,1,34,1,Clientes Leales
2489,82,1,20,0,Clientes Ocasionales
2490,34,1,0,2,Clientes en Riesgo
2491,78,1,45,3,Clientes VIP
2492,47,1,35,1,Clientes Leales
2493,96,1,16,0,Clientes Ocasionales
2494,23,1,44,1,Clientes Leales
2495,27,1,24,1,Clientes Leales
2496,37,1,16,1,Clientes Leales
2497,79,1,13,0,Clientes Ocasionales
2498,40,1,22,1,Clientes Leales
2499,39,1,12,1,Clientes Leales
2500,73,1,48,3,Clientes VIP
2501,84,1,18,0,Clientes Ocasionales
2502,94,1,20,0,Clientes Ocasionales
2503,47,1,33,1,Clientes Leales
2504,77,1,45,3,Clientes VIP
2505,94,1,19,0,Clientes Ocasionales
2506,75,1,7,0,Clientes Ocasionales
2507,82,1,31,3,Clientes VIP
2508,36,1,18,1,Clientes Leales
2509,90,1,45,3,Clientes VIP
2510,48,1,41,3,Clientes VIP
2511,42,1,2,2,Clientes en Riesgo
2512,33,1,49,1,Clientes Leales
2513,63,1,30,3,Clientes VIP
2514,53,1,8,0,Clientes Ocasionales
2515,37,1,5,2,Clientes en Riesgo
2516,92,1,9,0,Clientes Ocasionales
2517,73,1,14,0,Clientes Ocasionales
2518,38,1,40,1,Clientes Leales
2519,51,1,19,0,Clientes Ocasionales
2520,90,1,29,3,Clientes VIP
2521,56,1,34,3,Clientes VIP
2522,33,1,32,1,Clientes Leales
2523,53,1,30,3,Clientes VIP
2524,24,1,29,1,Clientes Leales
2525,59,1,27,3,Clientes VIP
2526,72,1,30,3,Clientes VIP
2527,28,1,20,1,Clientes Leales
2528,36,1,17,1,Clientes Leales
2529,47,1,19,1,Clientes Leales
2530,62,1,2,2,Clientes en Riesgo
2531,98,1,22,3,Clientes VIP
2532,28,1,43,1,Clientes Leales
2533,86,1,46,3,Clientes VIP
2534,46,1,1,2,Clientes en Riesgo
2535,42,1,28,1,Clientes Leales
2536,80,1,11,0,Clientes Ocasionales
2537,39,1,5,2,Clientes en Riesgo
2538,49,1,20,1,Clientes Leales
2539,32,1,17,1,Clientes Leales
2540,73,1,26,3,Clientes VIP
2541,42,1,39,1,Clientes Leales
2542,58,1,37,3,Clientes VIP
2543,22,1,23,1,Clientes Leales
2544,56,1,20,0,Clientes Ocasionales
2545,70,1,11,0,Clientes Ocasionales
2546,50,1,40,3,Clientes VIP
2547,21,1,46,1,Clientes Leales
2548,97,1,34,3,Clientes VIP
2549,63,1,16,0,Clientes Ocasionales
2550,60,1,39,3,Clientes VIP
2551,52,1,20,0,Clientes Ocasionales
2552,32,1,10,1,Clientes Leales
2553,48,1,37,3,Clientes VIP
2554,25,1,22,1,Clientes Leales
2555,68,1,1,2,Clientes en Riesgo
2556,74,1,27,3,Clientes VIP
2557,88,1,46,3,Clientes VIP
2558,23,1,33,1,Clientes Leales
2559,32,1,26,1,Clientes Leales
2560,71,1,29,3,Clientes VIP
2561,62,1,33,3,Clientes VIP
2562,20,1,28,1,Clientes Leales
2563,62,1,23,3,Clientes VIP
2564,81,1,49,3,Clientes VIP
2565,90,1,23,3,Clientes VIP
2566,43,1,42,1,Clientes Leales
2567,38,1,7,1,Clientes Leales
2568,25,1,26,1,Clientes Leales
2569,98,1,21,3,Clientes VIP
2570,75,1,40,3,Clientes VIP
2571,27,1,38,1,Clientes Leales
2572,27,1,2,2,Clientes en Riesgo
2573,42,1,10,1,Clientes Leales
2574,90,1,49,3,Clientes VIP
2575,63,1,24,3,Clientes VIP
2576,96,1,41,3,Clientes VIP
2577,40,1,31,1,Clientes Leales
2578,39,1,13,1,Clientes Leales
2579,48,1,47,3,Clientes VIP
2580,20,1,10,1,Clientes Leales
2581,29,1,37,1,Clientes Leales
2582,81,1,2,2,Clientes en Riesgo
2583,98,1,46,3,Clientes VIP
2584,93,1,41,3,Clientes VIP
2585,30,1,24,1,Clientes Leales
2586,37,1,31,1,Clientes Leales
2587,28,1,49,1,Clientes Leales
2588,29,1,21,1,Clientes Leales
2589,49,1,12,0,Clientes Ocasionales
2590,53,1,19,0,Clientes Ocasionales
2591,66,1,15,0,Clientes Ocasionales
2592,61,1,10,0,Clientes Ocasionales
2593,23,1,37,1,Clientes Leales
2594,36,1,41,1,Clientes Leales
2595,81,1,25,3,Clientes VIP
2596,56,1,47,3,Clientes VIP
2597,78,1,15,0,Clientes Ocasionales
2598,25,1,37,1,Clientes Leales
2599,86,1,19,0,Clientes Ocasionales
2600,99,1,2,2,Clientes en Riesgo
2601,83,1,44,3,Clientes VIP
2602,33,1,7,1,Clientes Leales
2603,44,1,49,1,Clientes Leales
2604,58,1,42,3,Clientes VIP
2605,54,1,44,3,Clientes VIP
2606,93,1,18,0,Clientes Ocasionales
2607,98,1,4,0,Clientes Ocasionales
2608,36,1,12,1,Clientes Leales
2609,68,1,2,2,Clientes en Riesgo
2610,95,1,32,3,Clientes VIP
2611,93,1,25,3,Clientes VIP
2612,99,1,46,3,Clientes VIP
2613,22,1,23,1,Clientes Leales
2614,88,1,36,3,Clientes VIP
2615,65,1,14,0,Clientes Ocasionales
2616,62,1,44,3,Clientes VIP
2617,55,1,4,2,Clientes en Riesgo
2618,97,1,21,3,Clientes VIP
2619,77,1,38,3,Clientes VIP
2620,40,1,3,2,Clientes en Riesgo
2621,23,1,22,1,Clientes Leales
2622,46,1,29,1,Clientes Leales
2623,75,1,35,3,Clientes VIP
2624,76,1,12,0,Clientes Ocasionales
2625,59,1,31,3,Clientes VIP
2626,51,1,19,0,Clientes Ocasionales
2627,46,1,20,1,Clientes Leales
2628,26,1,10,1,Clientes Leales
2629,51,1,8,0,Clientes Ocasionales
2630,44,1,25,1,Clientes Leales
2631,82,1,30,3,Clientes VIP
2632,44,1,47,1,Clientes Leales
2633,27,1,36,1,Clientes Leales
2634,90,1,18,0,Clientes Ocasionales
2635,58,1,30,3,Clientes VIP
2636,80,1,16,0,Clientes Ocasionales
2637,40,1,44,1,Clientes Leales
2638,23,1,48,1,Clientes Leales
2639,34,1,15,1,Clientes Leales
2640,35,1,17,1,Clientes Leales
2641,75,1,5,0,Clientes Ocasionales
2642,60,1,30,3,Clientes VIP
2643,87,1,2,2,Clientes en Riesgo
2644,41,1,13,1,Clientes Leales
2645,83,1,46,3,Clientes VIP
2646,81,1,26,3,Clientes VIP
2647,56,1,46,3,Clientes VIP
2648,58,1,25,3,Clientes VIP
2649,84,1,36,3,Clientes VIP
2650,21,1,36,1,Clientes Leales
2651,35,1,4,2,Clientes en Riesgo
2652,43,1,23,1,Clientes Leales
2653,20,1,4,1,Clientes Leales
2654,36,1,26,1,Clientes Leales
2655,70,1,46,3,Clientes VIP
2656,83,1,48,3,Clientes VIP
2657,76,1,21,3,Clientes VIP
2658,81,1,43,3,Clientes VIP
2659,47,1,11,0,Clientes Ocasionales
2660,35,1,4,2,Clientes en Riesgo
2661,85,1,6,0,Clientes Ocasionales
2662,96,1,30,3,Clientes VIP
2663,98,1,6,0,Clientes Ocasionales
2664,52,1,27,3,Clientes VIP
2665,84,1,13,0,Clientes Ocasionales
2666,71,1,46,3,Clientes VIP
2667,95,1,36,3,Clientes VIP
2668,47,1,19,1,Clientes Leales
2669,75,1,41,3,Clientes VIP
2670,28,1,19,1,Clientes Leales
2671,44,1,24,1,Clientes Leales
2672,64,1,9,0,Clientes Ocasionales
2673,28,1,37,1,Clientes Leales
2674,21,1,46,1,Clientes Leales
2675,41,1,35,1,Clientes Leales
2676,38,1,12,1,Clientes Leales
2677,77,1,47,3,Clientes VIP
2678,43,1,44,1,Clientes Leales
2679,91,1,16,0,Clientes Ocasionales
2680,68,1,43,3,Clientes VIP
2681,37,1,29,1,Clientes Leales
2682,23,1,33,1,Clientes Leales
2683,65,1,45,3,Clientes VIP
2684,30,1,29,1,Clientes Leales
2685,45,1,8,0,Clientes Ocasionales
2686,25,1,1,2,Clientes en Riesgo
2687,72,1,17,0,Clientes Ocasionales
2688,75,1,38,3,Clientes VIP
2689,63,1,32,3,Clientes VIP
2690,35,1,3,2,Clientes en Riesgo
2691,32,1,32,1,Clientes Leales
2692,25,1,2,2,Clientes en Riesgo
2693,90,1,32,3,Clientes VIP
2694,70,1,4,2,Clientes en Riesgo
2695,27,1,16,1,Clientes Leales
2696,92,1,40,3,Clientes VIP
2697,20,1,38,1,Clientes Leales
2698,52,1,14,0,Clientes Ocasionales
2699,57,1,16,0,Clientes Ocasionales
2700,96,1,1,2,Clientes en Riesgo
2701,68,1,14,0,Clientes Ocasionales
2702,30,1,32,1,Clientes Leales
2703,37,1,11,1,Clientes Leales
2704,42,1,16,1,Clientes Leales
2705,54,1,15,0,Clientes Ocasionales
2706,81,1,49,3,Clientes VIP
2707,40,1,2,2,Clientes en Riesgo
2708,88,1,31,3,Clientes VIP
2709,94,1,6,0,Clientes Ocasionales
2710,54,1,41,3,Clientes VIP
2711,51,1,47,3,Clientes VIP
2712,22,1,0,2,Clientes en Riesgo
2713,95,1,43,3,Clientes VIP
2714,57,1,30,3,Clientes VIP
2715,45,1,34,1,Clientes Leales
2716,92,1,21,3,Clientes VIP
2717,40,1,29,1,Clientes Leales
2718,62,1,31,3,Clientes VIP
2719,90,1,40,3,Clientes VIP
2720,82,1,46,3,Clientes VIP
2721,52,1,5,2,Clientes en Riesgo
2722,70,1,33,3,Clientes VIP
2723,83,1,28,3,Clientes VIP
2724,49,1,47,3,Clientes VIP
2725,91,1,39,3,Clientes VIP
2726,99,1,46,3,Clientes VIP
2727,92,1,39,3,Clientes VIP
2728,87,1,3,2,Clientes en Riesgo
2729,28,1,33,1,Clientes Leales
2730,71,1,18,0,Clientes Ocasionales
2731,32,1,13,1,Clientes Leales
2732,33,1,6,1,Clientes Leales
2733,75,1,23,3,Clientes VIP
2734,83,1,4,0,Clientes Ocasionales
2735,93,1,37,3,Clientes VIP
2736,29,1,48,1,Clientes Leales
2737,25,1,5,1,Clientes Leales
2738,76,1,15,0,Clientes Ocasionales
2739,81,1,11,0,Clientes Ocasionales
2740,80,1,11,0,Clientes Ocasionales
2741,70,1,16,0,Clientes Ocasionales
2742,81,1,9,0,Clientes Ocasionales
2743,86,1,3,2,Clientes en Riesgo
2744,94,1,33,3,Clientes VIP
2745,66,1,10,0,Clientes Ocasionales
2746,98,1,6,0,Clientes Ocasionales
2747,25,1,29,1,Clientes Leales
2748,62,1,29,3,Clientes VIP
2749,98,1,34,3,Clientes VIP
2750,53,1,35,3,Clientes VIP
2751,66,1,24,3,Clientes VIP
2752,52,1,0,2,Clientes en Riesgo
2753,64,1,20,0,Clientes Ocasionales
2754,59,1,2,2,Clientes en Riesgo
2755,61,1,29,3,Clientes VIP
2756,97,1,32,3,Clientes VIP
2757,23,1,9,1,Clientes Leales
2758,98,1,39,3,Clientes VIP
2759,98,1,42,3,Clientes VIP
2760,59,1,8,0,Clientes Ocasionales
2761,82,1,9,0,Clientes Ocasionales
2762,82,1,47,3,Clientes VIP
2763,41,1,40,1,Clientes Leales
2764,52,1,15,0,Clientes Ocasionales
2765,41,1,48,1,Clientes Leales
2766,70,1,26,3,Clientes VIP
2767,91,1,3,2,Clientes en Riesgo
2768,95,1,19,0,Clientes Ocasionales
2769,25,1,22,1,Clientes Leales
2770,89,1,37,3,Clientes VIP
2771,44,1,28,1,Clientes Leales
2772,52,1,38,3,Clientes VIP
2773,94,1,40,3,Clientes VIP
2774,98,1,5,0,Clientes Ocasionales
2775,40,1,8,1,Clientes Leales
2776,25,1,34,1,Clientes Leales
2777,62,1,44,3,Clientes VIP
2778,24,1,22,1,Clientes Leales
2779,57,1,26,3,Clientes VIP
2780,66,1,36,3,Clientes VIP
2781,70,1,21,3,Clientes VIP
2782,39,1,17,1,Clientes Leales
2783,34,1,20,1,Clientes Leales
2784,38,1,24,1,Clientes Leales
2785,70,1,38,3,Clientes VIP
2786,80,1,37,3,Clientes VIP
2787,51,1,9,0,Clientes Ocasionales
2788,79,1,46,3,Clientes VIP
2789,92,1,48,3,Clientes VIP
2790,85,1,22,3,Clientes VIP
2791,63,1,26,3,Clientes VIP
2792,60,1,36,3,Clientes VIP
2793,44,1,39,1,Clientes Leales
2794,57,1,23,3,Clientes VIP
2795,24,1,43,1,Clientes Leales
2796,35,1,1,2,Clientes en Riesgo
2797,73,1,29,3,Clientes VIP
2798,42,1,40,1,Clientes Leales
2799,20,1,13,1,Clientes Leales
2800,89,1,41,3,Clientes VIP
2801,76,1,36,3,Clientes VIP
2802,56,1,20,0,Clientes Ocasionales
2803,100,1,8,0,Clientes Ocasionales
2804,44,1,19,1,Clientes Leales
2805,76,1,2,2,Clientes en Riesgo
2806,97,1,2,2,Clientes en Riesgo
2807,39,1,0,2,Clientes en Riesgo
2808,100,1,40,3,Clientes VIP
2809,62,1,5,2,Clientes en Riesgo
2810,98,1,23,3,Clientes VIP
2811,31,1,40,1,Clientes Leales
2812,89,1,31,3,Clientes VIP
2813,91,1,49,3,Clientes VIP
2814,50,1,11,0,Clientes Ocasionales
2815,32,1,36,1,Clientes Leales
2816,67,1,10,0,Clientes Ocasionales
2817,28,1,5,1,Clientes Leales
2818,65,1,44,3,Clientes VIP
2819,73,1,38,3,Clientes VIP
2820,27,1,31,1,Clientes Leales
2821,89,1,45,3,Clientes VIP
2822,72,1,13,0,Clientes Ocasionales
2823,37,1,17,1,Clientes Leales
2824,63,1,3,2,Clientes en Riesgo
2825,90,1,1,2,Clientes en Riesgo
2826,62,1,22,3,Clientes VIP
2827,43,1,27,1,Clientes Leales
2828,96,1,39,3,Clientes VIP
2829,83,1,17,0,Clientes Ocasionales
2830,67,1,3,2,Clientes en Riesgo
2831,90,1,37,3,Clientes VIP
2832,53,1,46,3,Clientes VIP
2833,37,1,10,1,Clientes Leales
2834,56,1,31,3,Clientes VIP
2835,43,1,33,1,Clientes Leales
2836,84,1,43,3,Clientes VIP
2837,50,1,29,3,Clientes VIP
2838,88,1,6,0,Clientes Ocasionales
2839,50,1,48,3,Clientes VIP
2840,80,1,20,0,Clientes Ocasionales
2841,47,1,9,0,Clientes Ocasionales
2842,33,1,19,1,Clientes Leales
2843,100,1,2,2,Clientes en Riesgo
2844,26,1,9,1,Clientes Leales
2845,79,1,8,0,Clientes Ocasionales
2846,77,1,11,0,Clientes Ocasionales
2847,36,1,35,1,Clientes Leales
2848,21,1,47,1,Clientes Leales
2849,72,1,22,3,Clientes VIP
2850,25,1,23,1,Clientes Leales
2851,79,1,14,0,Clientes Ocasionales
2852,73,1,8,0,Clientes Ocasionales
2853,71,1,20,0,Clientes Ocasionales
2854,48,1,41,3,Clientes VIP
2855,28,1,25,1,Clientes Leales
2856,95,1,17,0,Clientes Ocasionales
2857,48,1,19,1,Clientes Leales
2858,93,1,15,0,Clientes Ocasionales
2859,87,1,4,0,Clientes Ocasionales
2860,32,1,21,1,Clientes Leales
2861,38,1,1,2,Clientes en Riesgo
2862,54,1,23,3,Clientes VIP
2863,75,1,45,3,Clientes VIP
2864,56,1,32,3,Clientes VIP
2865,43,1,19,1,Clientes Leales
2866,97,1,23,3,Clientes VIP
2867,75,1,31,3,Clientes VIP
2868,55,1,17,0,Clientes Ocasionales
2869,49,1,8,0,Clientes Ocasionales
2870,58,1,34,3,Clientes VIP
2871,34,1,1,2,Clientes en Riesgo
2872,43,1,10,1,Clientes Leales
2873,48,1,45,3,Clientes VIP
2874,40,1,42,1,Clientes Leales
2875,29,1,48,1,Clientes Leales
2876,81,1,36,3,Clientes VIP
2877,84,1,45,3,Clientes VIP
2878,46,1,16,1,Clientes Leales
2879,86,1,37,3,Clientes VIP
2880,57,1,19,0,Clientes Ocasionales
2881,61,1,7,0,Clientes Ocasionales
2882,90,1,44,3,Clientes VIP
2883,51,1,27,3,Clientes VIP
2884,48,1,40,3,Clientes VIP
2885,50,1,3,2,Clientes en Riesgo
2886,82,1,36,3,Clientes VIP
2887,33,1,21,1,Clientes Leales
2888,28,1,38,1,Clientes Leales
2889,42,1,25,1,Clientes Leales
2890,43,1,29,1,Clientes Leales
2891,55,1,27,3,Clientes VIP
2892,73,1,40,3,Clientes VIP
2893,39,1,3,2,Clientes en Riesgo
2894,20,1,6,1,Clientes Leales
2895,32,1,9,1,Clientes Leales
2896,86,1,21,3,Clientes VIP
2897,91,1,48,3,Clientes VIP
2898,59,1,48,3,Clientes VIP
2899,33,1,21,1,Clientes Leales
2900,64,1,28,3,Clientes VIP
2901,67,1,27,3,Clientes VIP
2902,43,1,4,2,Clientes en Riesgo
2903,32,1,31,1,Clientes Leales
2904,39,1,26,1,Clientes Leales
2905,41,1,7,2,Clientes en Riesgo
2906,53,1,36,3,Clientes VIP
2907,27,1,43,1,Clientes Leales
2908,82,1,0,2,Clientes en Riesgo
2909,87,1,35,3,Clientes VIP
2910,78,1,10,0,Clientes Ocasionales
2911,32,1,9,1,Clientes Leales
2912,38,1,16,1,Clientes Leales
2913,37,1,23,1,Clientes Leales
2914,83,1,38,3,Clientes VIP
2915,72,1,49,3,Clientes VIP
2916,30,1,11,1,Clientes Leales
2917,66,1,37,3,Clientes VIP
2918,45,1,0,2,Clientes en Riesgo
2919,73,1,14,0,Clientes Ocasionales
2920,67,1,19,0,Clientes Ocasionales
2921,72,1,47,3,Clientes VIP
2922,24,1,39,1,Clientes Leales
2923,68,1,34,3,Clientes VIP
2924,70,1,38,3,Clientes VIP
2925,64,1,13,0,Clientes Ocasionales
2926,91,1,7,0,Clientes Ocasionales
2927,82,1,41,3,Clientes VIP
2928,24,1,35,1,Clientes Leales
2929,80,1,33,3,Clientes VIP
2930,53,1,8,0,Clientes Ocasionales
2931,50,1,36,3,Clientes VIP
2932,31,1,1,2,Clientes en Riesgo
2933,88,1,47,3,Clientes VIP
2934,52,1,22,3,Clientes VIP
2935,22,1,9,1,Clientes Leales
2936,27,1,39,1,Clientes Leales
2937,34,1,4,2,Clientes en Riesgo
2938,39,1,35,1,Clientes Leales
2939,53,1,35,3,Clientes VIP
2940,46,1,16,1,Clientes Leales
2941,85,1,37,3,Clientes VIP
2942,86,1,23,3,Clientes VIP
2943,63,1,13,0,Clientes Ocasionales
2944,44,1,13,1,Clientes Leales
2945,95,1,46,3,Clientes VIP
2946,49,1,49,3,Clientes VIP
2947,77,1,21,3,Clientes VIP
2948,63,1,0,2,Clientes en Riesgo
2949,83,1,12,0,Clientes Ocasionales
2950,93,1,35,3,Clientes VIP
2951,91,1,6,0,Clientes Ocasionales
2952,99,1,36,3,Clientes VIP
2953,24,1,45,1,Clientes Leales
2954,82,1,39,3,Clientes VIP
2955,28,1,35,1,Clientes Leales
2956,67,1,4,2,Clientes en Riesgo
2957,88,1,20,0,Clientes Ocasionales
2958,70,1,48,3,Clientes VIP
2959,100,1,22,3,Clientes VIP
2960,28,1,41,1,Clientes Leales
2961,48,1,3,2,Clientes en Riesgo
2962,43,1,29,1,Clientes Leales
2963,40,1,8,1,Clientes Leales
2964,97,1,22,3,Clientes VIP
2965,25,1,37,1,Clientes Leales
2966,45,1,25,1,Clientes Leales
2967,49,1,12,0,Clientes Ocasionales
2968,36,1,10,1,Clientes Leales
2969,48,1,25,1,Clientes Leales
2970,62,1,30,3,Clientes VIP
2971,74,1,6,0,Clientes Ocasionales
2972,100,1,41,3,Clientes VIP
2973,39,1,39,1,Clientes Leales
2974,65,1,47,3,Clientes VIP
2975,99,1,16,0,Clientes Ocasionales
2976,68,1,2,2,Clientes en Riesgo
2977,97,1,22,3,Clientes VIP
2978,47,1,30,1,Clientes Leales
2979,56,1,1,2,Clientes en Riesgo
2980,91,1,36,3,Clientes VIP
2981,93,1,41,3,Clientes VIP
2982,36,1,13,1,Clientes Leales
2983,45,1,46,1,Clientes Leales
2984,44,1,49,1,Clientes Leales
2985,32,1,14,1,Clientes Leales
2986,36,1,29,1,Clientes Leales
2987,85,1,34,3,Clientes VIP
2988,36,1,8,1,Clientes Leales
2989,55,1,19,0,Clientes Ocasionales
2990,20,1,44,1,Clientes Leales
2991,91,1,26,3,Clientes VIP
2992,71,1,43,3,Clientes VIP
2993,64,1,25,3,Clientes VIP
2994,21,1,32,1,Clientes Leales
2995,100,1,36,3,Clientes VIP
2996,96,1,8,0,Clientes Ocasionales
2997,91,1,44,3,Clientes VIP
2998,40,1,36,1,Clientes Leales
2999,53,1,20,0,Clientes Ocasionales
3000,48,1,40,3,Clientes VIP
3001,70,1,43,3,Clientes VIP
3002,29,1,22,1,Clientes Leales
3003,29,1,31,1,Clientes Leales
3004,53,1,37,3,Clientes VIP
3005,79,1,27,3,Clientes VIP
3006,65,1,45,3,Clientes VIP
3007,99,1,33,3,Clientes VIP
3008,60,1,19,0,Clientes Ocasionales
3009,86,1,31,3,Clientes VIP
3010,73,1,42,3,Clientes VIP
3011,45,1,35,1,Clientes Leales
3012,70,1,32,3,Clientes VIP
3013,65,1,34,3,Clientes VIP
3014,55,1,37,3,Clientes VIP
3015,65,1,12,0,Clientes Ocasionales
3016,21,1,23,1,Clientes Leales
3017,26,1,19,1,Clientes Leales
3018,71,1,26,3,Clientes VIP
3019,41,1,29,1,Clientes Leales
3020,44,1,35,1,Clientes Leales
3021,81,1,2,2,Clientes en Riesgo
3022,77,1,3,2,Clientes en Riesgo
3023,26,1,27,1,Clientes Leales
3024,31,1,46,1,Clientes Leales
3025,82,1,3,2,Clientes en Riesgo
3026,60,1,43,3,Clientes VIP
3027,70,1,44,3,Clientes VIP
3028,26,1,3,2,Clientes en Riesgo
3029,100,1,43,3,Clientes VIP
3030,82,1,49,3,Clientes VIP
3031,24,1,27,1,Clientes Leales
3032,74,1,20,0,Clientes Ocasionales
3033,58,1,26,3,Clientes VIP
3034,56,1,41,3,Clientes VIP
3035,37,1,25,1,Clientes Leales
3036,64,1,32,3,Clientes VIP
3037,58,1,43,3,Clientes VIP
3038,44,1,48,1,Clientes Leales
3039,39,1,14,1,Clientes Leales
3040,48,1,19,1,Clientes Leales
3041,32,1,40,1,Clientes Leales
3042,79,1,23,3,Clientes VIP
3043,27,1,36,1,Clientes Leales
3044,98,1,33,3,Clientes VIP
3045,67,1,40,3,Clientes VIP
3046,37,1,46,1,Clientes Leales
3047,49,1,25,1,Clientes Leales
3048,74,1,47,3,Clientes VIP
3049,93,1,3,2,Clientes en Riesgo
3050,60,1,9,0,Clientes Ocasionales
3051,76,1,22,3,Clientes VIP
3052,64,1,1,2,Clientes en Riesgo
3053,38,1,43,1,Clientes Leales
3054,91,1,28,3,Clientes VIP
3055,70,1,16,0,Clientes Ocasionales
3056,22,1,45,1,Clientes Leales
3057,59,1,35,3,Clientes VIP
3058,22,1,24,1,Clientes Leales
3059,74,1,47,3,Clientes VIP
3060,71,1,8,0,Clientes Ocasionales
3061,80,1,49,3,Clientes VIP
3062,59,1,30,3,Clientes VIP
3063,96,1,11,0,Clientes Ocasionales
3064,43,1,26,1,Clientes Leales
3065,76,1,1,2,Clientes en Riesgo
3066,59,1,43,3,Clientes VIP
3067,48,1,37,3,Clientes VIP
3068,22,1,48,1,Clientes Leales
3069,40,1,46,1,Clientes Leales
3070,73,1,33,3,Clientes VIP
3071,26,1,7,1,Clientes Leales
3072,41,1,44,1,Clientes Leales
3073,98,1,4,0,Clientes Ocasionales
3074,63,1,43,3,Clientes VIP
3075,55,1,16,0,Clientes Ocasionales
3076,90,1,29,3,Clientes VIP
3077,46,1,37,1,Clientes Leales
3078,88,1,17,0,Clientes Ocasionales
3079,95,1,26,3,Clientes VIP
3080,31,1,46,1,Clientes Leales
3081,42,1,45,1,Clientes Leales
3082,44,1,39,1,Clientes Leales
3083,99,1,30,3,Clientes VIP
3084,20,1,22,1,Clientes Leales
3085,37,1,7,1,Clientes Leales
3086,50,1,40,3,Clientes VIP
3087,73,1,24,3,Clientes VIP
3088,84,1,21,3,Clientes VIP
3089,64,1,15,0,Clientes Ocasionales
3090,21,1,27,1,Clientes Leales
3091,36,1,35,1,Clientes Leales
3092,81,1,4,2,Clientes en Riesgo
3093,54,1,36,3,Clientes VIP
3094,63,1,33,3,Clientes VIP
3095,59,1,41,3,Clientes VIP
3096,53,1,37,3,Clientes VIP
3097,63,1,30,3,Clientes VIP
3098,33,1,11,1,Clientes Leales
3099,64,1,0,2,Clientes en Riesgo
3100,98,1,29,3,Clientes VIP
3101,85,1,47,3,Clientes VIP
3102,82,1,41,3,Clientes VIP
3103,85,1,21,3,Clientes VIP
3104,37,1,8,1,Clientes Leales
3105,56,1,9,0,Clientes Ocasionales
3106,33,1,33,1,Clientes Leales
3107,57,1,30,3,Clientes VIP
3108,31,1,32,1,Clientes Leales
3109,69,1,43,3,Clientes VIP
3110,92,1,3,2,Clientes en Riesgo
3111,46,1,48,3,Clientes VIP
3112,81,1,25,3,Clientes VIP
3113,97,1,24,3,Clientes VIP
3114,93,1,48,3,Clientes VIP
3115,56,1,5,2,Clientes en Riesgo
3116,53,1,41,3,Clientes VIP
3117,66,1,49,3,Clientes VIP
3118,50,1,46,3,Clientes VIP
3119,97,1,19,0,Clientes Ocasionales
3120,79,1,29,3,Clientes VIP
3121,76,1,18,0,Clientes Ocasionales
3122,38,1,34,1,Clientes Leales
3123,45,1,16,1,Clientes Leales
3124,77,1,10,0,Clientes Ocasionales
3125,51,1,46,3,Clientes VIP
3126,26,1,47,1,Clientes Leales
3127,76,1,22,3,Clientes VIP
3128,94,1,7,0,Clientes Ocasionales
3129,32,1,30,1,Clientes Leales
3130,20,1,10,1,Clientes Leales
3131,20,1,16,1,Clientes Leales
3132,59,1,39,3,Clientes VIP
3133,97,1,24,3,Clientes VIP
3134,68,1,21,3,Clientes VIP
3135,66,1,3,2,Clientes en Riesgo
3136,85,1,2,2,Clientes en Riesgo
3137,32,1,21,1,Clientes Leales
3138,44,1,36,1,Clientes Leales
3139,95,1,10,0,Clientes Ocasionales
3140,85,1,46,3,Clientes VIP
3141,44,1,13,1,Clientes Leales
3142,30,1,3,2,Clientes en Riesgo
3143,21,1,49,1,Clientes Leales
3144,22,1,24,1,Clientes Leales
3145,70,1,38,3,Clientes VIP
3146,29,1,34,1,Clientes Leales
3147,83,1,31,3,Clientes VIP
3148,99,1,29,3,Clientes VIP
3149,35,1,35,1,Clientes Leales
3150,40,1,41,1,Clientes Leales
3151,25,1,43,1,Clientes Leales
3152,64,1,3,2,Clientes en Riesgo
3153,90,1,33,3,Clientes VIP
3154,88,1,4,0,Clientes Ocasionales
3155,55,1,18,0,Clientes Ocasionales
3156,90,1,16,0,Clientes Ocasionales
3157,50,1,32,3,Clientes VIP
3158,34,1,45,1,Clientes Leales
3159,77,1,6,0,Clientes Ocasionales
3160,89,1,46,3,Clientes VIP
3161,87,1,13,0,Clientes Ocasionales
3162,77,1,7,0,Clientes Ocasionales
3163,85,1,22,3,Clientes VIP
3164,66,1,14,0,Clientes Ocasionales
3165,32,1,34,1,Clientes Leales
3166,92,1,12,0,Clientes Ocasionales
3167,80,1,13,0,Clientes Ocasionales
3168,78,1,41,3,Clientes VIP
3169,24,1,36,1,Clientes Leales
3170,59,1,47,3,Clientes VIP
3171,41,1,40,1,Clientes Leales
3172,26,1,24,1,Clientes Leales
3173,52,1,20,0,Clientes Ocasionales
3174,46,1,18,1,Clientes Leales
3175,52,1,15,0,Clientes Ocasionales
3176,42,1,24,1,Clientes Leales
3177,37,1,11,1,Clientes Leales
3178,52,1,19,0,Clientes Ocasionales
3179,34,1,22,1,Clientes Leales
3180,88,1,38,3,Clientes VIP
3181,88,1,4,0,Clientes Ocasionales
3182,51,1,23,3,Clientes VIP
3183,97,1,46,3,Clientes VIP
3184,56,1,36,3,Clientes VIP
3185,53,1,20,0,Clientes Ocasionales
3186,71,1,44,3,Clientes VIP
3187,93,1,7,0,Clientes Ocasionales
3188,72,1,22,3,Clientes VIP
3189,59,1,11,0,Clientes Ocasionales
3190,87,1,20,0,Clientes Ocasionales
3191,78,1,45,3,Clientes VIP
3192,68,1,8,0,Clientes Ocasionales
3193,76,1,30,3,Clientes VIP
3194,99,1,15,0,Clientes Ocasionales
3195,52,1,40,3,Clientes VIP
3196,58,1,14,0,Clientes Ocasionales
3197,59,1,29,3,Clientes VIP
3198,71,1,21,3,Clientes VIP
3199,94,1,11,0,Clientes Ocasionales
3200,40,1,34,1,Clientes Leales
3201,24,1,18,1,Clientes Leales
3202,38,1,16,1,Clientes Leales
3203,37,1,12,1,Clientes Leales
3204,29,1,36,1,Clientes Leales
3205,92,1,27,3,Clientes VIP
3206,24,1,0,2,Clientes en Riesgo
3207,52,1,1,2,Clientes en Riesgo
3208,29,1,36,1,Clientes Leales
3209,30,1,8,1,Clientes Leales
3210,31,1,11,1,Clientes Leales
3211,67,1,7,0,Clientes Ocasionales
3212,65,1,38,3,Clientes VIP
3213,22,1,29,1,Clientes Leales
3214,56,1,17,0,Clientes Ocasionales
3215,78,1,44,3,Clientes VIP
3216,90,1,40,3,Clientes VIP
3217,85,1,32,3,Clientes VIP
3218,58,1,4,2,Clientes en Riesgo
3219,34,1,1,2,Clientes en Riesgo
3220,40,1,11,1,Clientes Leales
3221,29,1,34,1,Clientes Leales
3222,76,1,22,3,Clientes VIP
3223,84,1,28,3,Clientes VIP
3224,65,1,14,0,Clientes Ocasionales
3225,80,1,32,3,Clientes VIP
3226,98,1,19,0,Clientes Ocasionales
3227,71,1,12,0,Clientes Ocasionales
3228,69,1,8,0,Clientes Ocasionales
3229,95,1,23,3,Clientes VIP
3230,67,1,26,3,Clientes VIP
3231,49,1,12,0,Clientes Ocasionales
3232,97,1,41,3,Clientes VIP
3233,34,1,31,1,Clientes Leales
3234,74,1,39,3,Clientes VIP
3235,96,1,34,3,Clientes VIP
3236,68,1,32,3,Clientes VIP
3237,84,1,42,3,Clientes VIP
3238,57,1,46,3,Clientes VIP
3239,84,1,13,0,Clientes Ocasionales
3240,32,1,20,1,Clientes Leales
3241,37,1,13,1,Clientes Leales
3242,58,1,20,0,Clientes Ocasionales
3243,74,1,33,3,Clientes VIP
3244,99,1,39,3,Clientes VIP
3245,81,1,8,0,Clientes Ocasionales
3246,76,1,30,3,Clientes VIP
3247,98,1,13,0,Clientes Ocasionales
3248,91,1,38,3,Clientes VIP
3249,79,1,9,0,Clientes Ocasionales
3250,83,1,18,0,Clientes Ocasionales
3251,90,1,35,3,Clientes VIP
3252,20,1,11,1,Clientes Leales
3253,21,1,2,2,Clientes en Riesgo
3254,60,1,42,3,Clientes VIP
3255,31,1,39,1,Clientes Leales
3256,40,1,14,1,Clientes Leales
3257,26,1,0,2,Clientes en Riesgo
3258,98,1,11,0,Clientes Ocasionales
3259,51,1,39,3,Clientes VIP
3260,95,1,45,3,Clientes VIP
3261,36,1,43,1,Clientes Leales
3262,52,1,0,2,Clientes en Riesgo
3263,35,1,29,1,Clientes Leales
3264,68,1,19,0,Clientes Ocasionales
3265,50,1,11,0,Clientes Ocasionales
3266,100,1,22,3,Clientes VIP
3267,74,1,17,0,Clientes Ocasionales
3268,45,1,8,0,Clientes Ocasionales
3269,97,1,45,3,Clientes VIP
3270,60,1,25,3,Clientes VIP
3271,25,1,2,2,Clientes en Riesgo
3272,55,1,20,0,Clientes Ocasionales
3273,99,1,16,0,Clientes Ocasionales
3274,45,1,16,1,Clientes Leales
3275,20,1,36,1,Clientes Leales
3276,88,1,48,3,Clientes VIP
3277,99,1,9,0,Clientes Ocasionales
3278,86,1,47,3,Clientes VIP
3279,70,1,32,3,Clientes VIP
3280,50,1,49,3,Clientes VIP
3281,57,1,45,3,Clientes VIP
3282,69,1,9,0,Clientes Ocasionales
3283,94,1,45,3,Clientes VIP
3284,24,1,40,1,Clientes Leales
3285,79,1,30,3,Clientes VIP
3286,31,1,39,1,Clientes Leales
3287,67,1,46,3,Clientes VIP
3288,63,1,12,0,Clientes Ocasionales
3289,61,1,31,3,Clientes VIP
3290,50,1,34,3,Clientes VIP
3291,82,1,48,3,Clientes VIP
3292,51,1,39,3,Clientes VIP
3293,23,1,32,1,Clientes Leales
3294,91,1,3,2,Clientes en Riesgo
3295,60,1,35,3,Clientes VIP
3296,34,1,35,1,Clientes Leales
3297,23,1,3,2,Clientes en Riesgo
3298,82,1,3,2,Clientes en Riesgo
3299,73,1,44,3,Clientes VIP
3300,32,1,32,1,Clientes Leales
3301,80,1,10,0,Clientes Ocasionales
3302,58,1,19,0,Clientes Ocasionales
3303,82,1,19,0,Clientes Ocasionales
3304,60,1,46,3,Clientes VIP
3305,79,1,14,0,Clientes Ocasionales
3306,41,1,19,1,Clientes Leales
3307,39,1,44,1,Clientes Leales
3308,36,1,49,1,Clientes Leales
3309,70,1,21,3,Clientes VIP
3310,47,1,31,1,Clientes Leales
3311,27,1,38,1,Clientes Leales
3312,52,1,32,3,Clientes VIP
3313,75,1,5,0,Clientes Ocasionales
3314,30,1,5,2,Clientes en Riesgo
3315,94,1,42,3,Clientes VIP
3316,68,1,46,3,Clientes VIP
3317,45,1,45,1,Clientes Leales
3318,67,1,20,0,Clientes Ocasionales
3319,46,1,35,1,Clientes Leales
3320,31,1,33,1,Clientes Leales
3321,44,1,5,2,Clientes en Riesgo
3322,100,1,47,3,Clientes VIP
3323,92,1,7,0,Clientes Ocasionales
3324,78,1,46,3,Clientes VIP
3325,32,1,9,1,Clientes Leales
3326,97,1,34,3,Clientes VIP
3327,95,1,40,3,Clientes VIP
3328,64,1,48,3,Clientes VIP
3329,35,1,39,1,Clientes Leales
3330,54,1,49,3,Clientes VIP
3331,96,1,9,0,Clientes Ocasionales
3332,58,1,11,0,Clientes Ocasionales
3333,23,1,49,1,Clientes Leales
3334,35,1,47,1,Clientes Leales
3335,23,1,29,1,Clientes Leales
3336,94,1,2,2,Clientes en Riesgo
3337,45,1,26,1,Clientes Leales
3338,23,1,5,1,Clientes Leales
3339,94,1,4,0,Clientes Ocasionales
3340,99,1,15,0,Clientes Ocasionales
3341,36,1,3,2,Clientes en Riesgo
3342,50,1,15,0,Clientes Ocasionales
3343,81,1,5,0,Clientes Ocasionales
3344,31,1,44,1,Clientes Leales
3345,48,1,30,1,Clientes Leales
3346,91,1,47,3,Clientes VIP
3347,99,1,20,0,Clientes Ocasionales
3348,70,1,22,3,Clientes VIP
3349,74,1,35,3,Clientes VIP
3350,79,1,21,3,Clientes VIP
3351,33,1,35,1,Clientes Leales
3352,49,1,32,3,Clientes VIP
3353,96,1,43,3,Clientes VIP
3354,66,1,31,3,Clientes VIP
3355,45,1,35,1,Clientes Leales
3356,28,1,47,1,Clientes Leales
3357,48,1,37,3,Clientes VIP
3358,67,1,13,0,Clientes Ocasionales
3359,59,1,24,3,Clientes VIP
3360,74,1,21,3,Clientes VIP
3361,81,1,3,2,Clientes en Riesgo
3362,26,1,3,2,Clientes en Riesgo
3363,61,1,2,2,Clientes en Riesgo
3364,23,1,4,1,Clientes Leales
3365,33,1,43,1,Clientes Leales
3366,58,1,5,2,Clientes en Riesgo
3367,65,1,3,2,Clientes en Riesgo
3368,48,1,44,3,Clientes VIP
3369,25,1,21,1,Clientes Leales
3370,51,1,8,0,Clientes Ocasionales
3371,31,1,4,2,Clientes en Riesgo
3372,99,1,22,3,Clientes VIP
3373,25,1,36,1,Clientes Leales
3374,52,1,38,3,Clientes VIP
3375,47,1,9,0,Clientes Ocasionales
3376,98,1,42,3,Clientes VIP
3377,46,1,26,1,Clientes Leales
3378,32,1,32,1,Clientes Leales
3379,75,1,44,3,Clientes VIP
3380,51,1,10,0,Clientes Ocasionales
3381,52,1,44,3,Clientes VIP
3382,66,1,23,3,Clientes VIP
3383,35,1,48,1,Clientes Leales
3384,43,1,11,1,Clientes Leales
3385,24,1,41,1,Clientes Leales
3386,83,1,34,3,Clientes VIP
3387,62,1,14,0,Clientes Ocasionales
3388,78,1,48,3,Clientes VIP
3389,61,1,29,3,Clientes VIP
3390,57,1,11,0,Clientes Ocasionales
3391,70,1,12,0,Clientes Ocasionales
3392,57,1,44,3,Clientes VIP
3393,74,1,44,3,Clientes VIP
3394,90,1,0,2,Clientes en Riesgo
3395,98,1,41,3,Clientes VIP
3396,43,1,35,1,Clientes Leales
3397,37,1,45,1,Clientes Leales
3398,38,1,37,1,Clientes Leales
3399,60,1,6,0,Clientes Ocasionales
3400,55,1,14,0,Clientes Ocasionales
3401,51,1,32,3,Clientes VIP
3402,71,1,11,0,Clientes Ocasionales
3403,61,1,39,3,Clientes VIP
3404,65,1,49,3,Clientes VIP
3405,34,1,16,1,Clientes Leales
3406,87,1,3,2,Clientes en Riesgo
3407,79,1,26,3,Clientes VIP
3408,46,1,30,1,Clientes Leales
3409,72,1,39,3,Clientes VIP
3410,93,1,47,3,Clientes VIP
3411,76,1,12,0,Clientes Ocasionales
3412,56,1,5,2,Clientes en Riesgo
3413,83,1,19,0,Clientes Ocasionales
3414,90,1,34,3,Clientes VIP
3415,94,1,47,3,Clientes VIP
3416,68,1,35,3,Clientes VIP
3417,53,1,39,3,Clientes VIP
3418,35,1,28,1,Clientes Leales
3419,30,1,15,1,Clientes Leales
3420,26,1,45,1,Clientes Leales
3421,60,1,15,0,Clientes Ocasionales
3422,30,1,23,1,Clientes Leales
3423,91,1,41,3,Clientes VIP
3424,71,1,29,3,Clientes VIP
3425,64,1,27,3,Clientes VIP
3426,54,1,47,3,Clientes VIP
3427,35,1,19,1,Clientes Leales
3428,38,1,6,2,Clientes en Riesgo
3429,69,1,30,3,Clientes VIP
3430,96,1,16,0,Clientes Ocasionales
3431,73,1,33,3,Clientes VIP
3432,49,1,30,3,Clientes VIP
3433,44,1,4,2,Clientes en Riesgo
3434,93,1,22,3,Clientes VIP
3435,72,1,44,3,Clientes VIP
3436,91,1,0,2,Clientes en Riesgo
3437,83,1,9,0,Clientes Ocasionales
3438,62,1,0,2,Clientes en Riesgo
3439,71,1,17,0,Clientes Ocasionales
3440,93,1,25,3,Clientes VIP
3441,63,1,48,3,Clientes VIP
3442,96,1,35,3,Clientes VIP
3443,78,1,38,3,Clientes VIP
3444,24,1,22,1,Clientes Leales
3445,63,1,38,3,Clientes VIP
3446,58,1,47,3,Clientes VIP
3447,55,1,30,3,Clientes VIP
3448,58,1,47,3,Clientes VIP
3449,28,1,18,1,Clientes Leales
3450,37,1,15,1,Clientes Leales
3451,78,1,19,0,Clientes Ocasionales
3452,73,1,37,3,Clientes VIP
3453,20,1,47,1,Clientes Leales
3454,60,1,2,2,Clientes en Riesgo
3455,71,1,35,3,Clientes VIP
3456,89,1,37,3,Clientes VIP
3457,53,1,29,3,Clientes VIP
3458,87,1,21,3,Clientes VIP
3459,37,1,26,1,Clientes Leales
3460,37,1,29,1,Clientes Leales
3461,78,1,45,3,Clientes VIP
3462,23,1,3,2,Clientes en Riesgo
3463,73,1,16,0,Clientes Ocasionales
3464,27,1,5,1,Clientes Leales
3465,59,1,38,3,Clientes VIP
3466,53,1,19,0,Clientes Ocasionales
3467,42,1,7,2,Clientes en Riesgo
3468,45,1,45,1,Clientes Leales
3469,89,1,14,0,Clientes Ocasionales
3470,85,1,38,3,Clientes VIP
3471,69,1,19,0,Clientes Ocasionales
3472,66,1,19,0,Clientes Ocasionales
3473,42,1,35,1,Clientes Leales
3474,40,1,39,1,Clientes Leales
3475,82,1,32,3,Clientes VIP
3476,88,1,41,3,Clientes VIP
3477,99,1,39,3,Clientes VIP
3478,85,1,12,0,Clientes Ocasionales
3479,57,1,8,0,Clientes Ocasionales
3480,56,1,9,0,Clientes Ocasionales
3481,79,1,5,0,Clientes Ocasionales
3482,67,1,9,0,Clientes Ocasionales
3483,61,1,15,0,Clientes Ocasionales
3484,37,1,29,1,Clientes Leales
3485,75,1,37,3,Clientes VIP
3486,21,1,27,1,Clientes Leales
3487,89,1,44,3,Clientes VIP
3488,24,1,11,1,Clientes Leales
3489,27,1,43,1,Clientes Leales
3490,26,1,18,1,Clientes Leales
3491,82,1,7,0,Clientes Ocasionales
3492,28,1,35,1,Clientes Leales
3493,65,1,2,2,Clientes en Riesgo
3494,82,1,15,0,Clientes Ocasionales
3495,38,1,9,1,Clientes Leales
3496,33,1,36,1,Clientes Leales
3497,38,1,28,1,Clientes Leales
3498,48,1,34,3,Clientes VIP
3499,35,1,48,1,Clientes Leales
3500,29,1,37,1,Clientes Leales
3501,48,1,12,0,Clientes Ocasionales
3502,87,1,7,0,Clientes Ocasionales
3503,62,1,24,3,Clientes VIP
3504,96,1,11,0,Clientes Ocasionales
3505,41,1,0,2,Clientes en Riesgo
3506,42,1,10,1,Clientes Leales
3507,57,1,38,3,Clientes VIP
3508,65,1,17,0,Clientes Ocasionales
3509,54,1,1,2,Clientes en Riesgo
3510,22,1,7,1,Clientes Leales
3511,96,1,36,3,Clientes VIP
3512,81,1,29,3,Clientes VIP
3513,46,1,19,1,Clientes Leales
3514,74,1,21,3,Clientes VIP
3515,50,1,18,0,Clientes Ocasionales
3516,80,1,34,3,Clientes VIP
3517,56,1,12,0,Clientes Ocasionales
3518,69,1,16,0,Clientes Ocasionales
3519,97,1,20,0,Clientes Ocasionales
3520,66,1,36,3,Clientes VIP
3521,70,1,17,0,Clientes Ocasionales
3522,50,1,15,0,Clientes Ocasionales
3523,85,1,37,3,Clientes VIP
3524,59,1,20,0,Clientes Ocasionales
3525,74,1,20,0,Clientes Ocasionales
3526,38,1,3,2,Clientes en Riesgo
3527,99,1,49,3,Clientes VIP
3528,97,1,49,3,Clientes VIP
3529,67,1,17,0,Clientes Ocasionales
3530,20,1,7,1,Clientes Leales
3531,45,1,13,1,Clientes Leales
3532,52,1,27,3,Clientes VIP
3533,68,1,38,3,Clientes VIP
3534,98,1,20,0,Clientes Ocasionales
3535,83,1,43,3,Clientes VIP
3536,51,1,30,3,Clientes VIP
3537,21,1,40,1,Clientes Leales
3538,92,1,10,0,Clientes Ocasionales
3539,63,1,29,3,Clientes VIP
3540,56,1,33,3,Clientes VIP
3541,95,1,45,3,Clientes VIP
3542,66,1,28,3,Clientes VIP
3543,28,1,45,1,Clientes Leales
3544,83,1,32,3,Clientes VIP
3545,55,1,8,0,Clientes Ocasionales
3546,28,1,28,1,Clientes Leales
3547,79,1,13,0,Clientes Ocasionales
3548,31,1,27,1,Clientes Leales
3549,37,1,3,2,Clientes en Riesgo
3550,34,1,39,1,Clientes Leales
3551,74,1,18,0,Clientes Ocasionales
3552,31,1,30,1,Clientes Leales
3553,66,1,47,3,Clientes VIP
3554,99,1,18,0,Clientes Ocasionales
3555,55,1,45,3,Clientes VIP
3556,23,1,5,1,Clientes Leales
3557,88,1,7,0,Clientes Ocasionales
3558,26,1,49,1,Clientes Leales
3559,94,1,41,3,Clientes VIP
3560,25,1,37,1,Clientes Leales
3561,96,1,45,3,Clientes VIP
3562,29,1,11,1,Clientes Leales
3563,36,1,43,1,Clientes Leales
3564,90,1,42,3,Clientes VIP
3565,38,1,10,1,Clientes Leales
3566,52,1,15,0,Clientes Ocasionales
3567,88,1,36,3,Clientes VIP
3568,56,1,24,3,Clientes VIP
3569,71,1,36,3,Clientes VIP
3570,94,1,41,3,Clientes VIP
3571,97,1,18,0,Clientes Ocasionales
3572,27,1,35,1,Clientes Leales
3573,28,1,25,1,Clientes Leales
3574,67,1,23,3,Clientes VIP
3575,70,1,11,0,Clientes Ocasionales
3576,95,1,1,2,Clientes en Riesgo
3577,24,1,38,1,Clientes Leales
3578,35,1,37,1,Clientes Leales
3579,22,1,28,1,Clientes Leales
3580,66,1,31,3,Clientes VIP
3581,83,1,47,3,Clientes VIP
3582,95,1,0,2,Clientes en Riesgo
3583,41,1,35,1,Clientes Leales
3584,77,1,6,0,Clientes Ocasionales
3585,52,1,2,2,Clientes en Riesgo
3586,41,1,46,1,Clientes Leales
3587,28,1,38,1,Clientes Leales
3588,90,1,17,0,Clientes Ocasionales
3589,55,1,10,0,Clientes Ocasionales
3590,73,1,12,0,Clientes Ocasionales
3591,87,1,31,3,Clientes VIP
3592,89,1,12,0,Clientes Ocasionales
3593,82,1,32,3,Clientes VIP
3594,80,1,26,3,Clientes VIP
3595,87,1,21,3,Clientes VIP
3596,41,1,36,1,Clientes Leales
3597,83,1,6,0,Clientes Ocasionales
3598,71,1,32,3,Clientes VIP
3599,76,1,31,3,Clientes VIP
3600,34,1,46,1,Clientes Leales
3601,81,1,25,3,Clientes VIP
3602,47,1,47,3,Clientes VIP
3603,36,1,10,1,Clientes Leales
3604,51,1,45,3,Clientes VIP
3605,86,1,33,3,Clientes VIP
3606,41,1,14,1,Clientes Leales
3607,90,1,9,0,Clientes Ocasionales
3608,93,1,30,3,Clientes VIP
3609,56,1,48,3,Clientes VIP
3610,39,1,19,1,Clientes Leales
3611,86,1,27,3,Clientes VIP
3612,82,1,20,0,Clientes Ocasionales
3613,29,1,24,1,Clientes Leales
3614,27,1,10,1,Clientes Leales
3615,25,1,31,1,Clientes Leales
3616,31,1,46,1,Clientes Leales
3617,23,1,17,1,Clientes Leales
3618,47,1,21,1,Clientes Leales
3619,67,1,3,2,Clientes en Riesgo
3620,75,1,0,2,Clientes en Riesgo
3621,82,1,22,3,Clientes VIP
3622,32,1,45,1,Clientes Leales
3623,41,1,38,1,Clientes Leales
3624,89,1,46,3,Clientes VIP
3625,82,1,28,3,Clientes VIP
3626,99,1,18,0,Clientes Ocasionales
3627,98,1,18,0,Clientes Ocasionales
3628,54,1,2,2,Clientes en Riesgo
3629,88,1,15,0,Clientes Ocasionales
3630,43,1,6,2,Clientes en Riesgo
3631,73,1,21,3,Clientes VIP
3632,50,1,24,3,Clientes VIP
3633,73,1,47,3,Clientes VIP
3634,51,1,49,3,Clientes VIP
3635,22,1,33,1,Clientes Leales
3636,32,1,33,1,Clientes Leales
3637,38,1,14,1,Clientes Leales
3638,66,1,18,0,Clientes Ocasionales
3639,20,1,0,2,Clientes en Riesgo
3640,44,1,11,1,Clientes Leales
3641,31,1,33,1,Clientes Leales
3642,45,1,11,0,Clientes Ocasionales
3643,71,1,45,3,Clientes VIP
3644,96,1,3,2,Clientes en Riesgo
3645,32,1,32,1,Clientes Leales
3646,90,1,19,0,Clientes Ocasionales
3647,68,1,11,0,Clientes Ocasionales
3648,45,1,38,1,Clientes Leales
3649,67,1,5,0,Clientes Ocasionales
3650,57,1,17,0,Clientes Ocasionales
3651,60,1,47,3,Clientes VIP
3652,32,1,45,1,Clientes Leales
3653,29,1,27,1,Clientes Leales
3654,20,1,11,1,Clientes Leales
3655,98,1,40,3,Clientes VIP
3656,27,1,46,1,Clientes Leales
3657,67,1,32,3,Clientes VIP
3658,82,1,49,3,Clientes VIP
3659,72,1,32,3,Clientes VIP
3660,77,1,4,2,Clientes en Riesgo
3661,74,1,37,3,Clientes VIP
3662,39,1,45,1,Clientes Leales
3663,80,1,39,3,Clientes VIP
3664,59,1,1,2,Clientes en Riesgo
3665,68,1,49,3,Clientes VIP
3666,77,1,39,3,Clientes VIP
3667,50,1,3,2,Clientes en Riesgo
3668,45,1,30,1,Clientes Leales
3669,71,1,32,3,Clientes VIP
3670,52,1,7,0,Clientes Ocasionales
3671,50,1,46,3,Clientes VIP
3672,66,1,30,3,Clientes VIP
3673,81,1,43,3,Clientes VIP
3674,28,1,19,1,Clientes Leales
3675,65,1,9,0,Clientes Ocasionales
3676,80,1,47,3,Clientes VIP
3677,94,1,34,3,Clientes VIP
3678,30,1,7,1,Clientes Leales
3679,45,1,21,1,Clientes Leales
3680,91,1,45,3,Clientes VIP
3681,36,1,20,1,Clientes Leales
3682,73,1,17,0,Clientes Ocasionales
3683,60,1,4,2,Clientes en Riesgo
3684,77,1,33,3,Clientes VIP
3685,86,1,3,2,Clientes en Riesgo
3686,42,1,33,1,Clientes Leales
3687,70,1,33,3,Clientes VIP
3688,44,1,22,1,Clientes Leales
3689,91,1,42,3,Clientes VIP
3690,30,1,42,1,Clientes Leales
3691,23,1,46,1,Clientes Leales
3692,21,1,26,1,Clientes Leales
3693,34,1,21,1,Clientes Leales
3694,46,1,40,1,Clientes Leales
3695,41,1,39,1,Clientes Leales
3696,33,1,32,1,Clientes Leales
3697,48,1,24,1,Clientes Leales
3698,66,1,11,0,Clientes Ocasionales
3699,54,1,46,3,Clientes VIP
3700,55,1,26,3,Clientes VIP
3701,84,1,48,3,Clientes VIP
3702,66,1,14,0,Clientes Ocasionales
3703,65,1,14,0,Clientes Ocasionales
3704,83,1,27,3,Clientes VIP
3705,61,1,14,0,Clientes Ocasionales
3706,65,1,48,3,Clientes VIP
3707,55,1,33,3,Clientes VIP
3708,79,1,31,3,Clientes VIP
3709,96,1,9,0,Clientes Ocasionales
3710,43,1,23,1,Clientes Leales
3711,40,1,18,1,Clientes Leales
3712,62,1,17,0,Clientes Ocasionales
3713,72,1,26,3,Clientes VIP
3714,87,1,19,0,Clientes Ocasionales
3715,31,1,15,1,Clientes Leales
3716,34,1,48,1,Clientes Leales
3717,53,1,8,0,Clientes Ocasionales
3718,85,1,3,2,Clientes en Riesgo
3719,50,1,6,2,Clientes en Riesgo
3720,91,1,42,3,Clientes VIP
3721,56,1,37,3,Clientes VIP
3722,60,1,40,3,Clientes VIP
3723,34,1,49,1,Clientes Leales
3724,30,1,49,1,Clientes Leales
3725,71,1,32,3,Clientes VIP
3726,100,1,48,3,Clientes VIP
3727,85,1,14,0,Clientes Ocasionales
3728,83,1,33,3,Clientes VIP
3729,31,1,49,1,Clientes Leales
3730,82,1,0,2,Clientes en Riesgo
3731,79,1,47,3,Clientes VIP
3732,62,1,5,2,Clientes en Riesgo
3733,92,1,22,3,Clientes VIP
3734,58,1,44,3,Clientes VIP
3735,88,1,17,0,Clientes Ocasionales
3736,44,1,21,1,Clientes Leales
3737,56,1,48,3,Clientes VIP
3738,23,1,7,1,Clientes Leales
3739,45,1,2,2,Clientes en Riesgo
3740,31,1,7,1,Clientes Leales
3741,96,1,24,3,Clientes VIP
3742,96,1,24,3,Clientes VIP
3743,80,1,0,2,Clientes en Riesgo
3744,28,1,14,1,Clientes Leales
3745,51,1,24,3,Clientes VIP
3746,41,1,48,1,Clientes Leales
3747,99,1,1,2,Clientes en Riesgo
3748,53,1,18,0,Clientes Ocasionales
3749,25,1,47,1,Clientes Leales
3750,95,1,12,0,Clientes Ocasionales
3751,88,1,45,3,Clientes VIP
3752,97,1,42,3,Clientes VIP
3753,81,1,7,0,Clientes Ocasionales
3754,26,1,28,1,Clientes Leales
3755,41,1,40,1,Clientes Leales
3756,93,1,24,3,Clientes VIP
3757,69,1,8,0,Clientes Ocasionales
3758,44,1,17,1,Clientes Leales
3759,54,1,27,3,Clientes VIP
3760,61,1,20,0,Clientes Ocasionales
3761,80,1,14,0,Clientes Ocasionales
3762,30,1,47,1,Clientes Leales
3763,94,1,37,3,Clientes VIP
3764,24,1,12,1,Clientes Leales
3765,21,1,31,1,Clientes Leales
3766,52,1,36,3,Clientes VIP
3767,59,1,7,0,Clientes Ocasionales
3768,51,1,40,3,Clientes VIP
3769,35,1,16,1,Clientes Leales
3770,87,1,19,0,Clientes Ocasionales
3771,42,1,16,1,Clientes Leales
3772,86,1,22,3,Clientes VIP
3773,26,1,15,1,Clientes Leales
3774,60,1,9,0,Clientes Ocasionales
3775,83,1,2,2,Clientes en Riesgo
3776,63,1,5,2,Clientes en Riesgo
3777,25,1,40,1,Clientes Leales
3778,65,1,41,3,Clientes VIP
3779,60,1,20,0,Clientes Ocasionales
3780,75,1,5,0,Clientes Ocasionales
3781,57,1,9,0,Clientes Ocasionales
3782,99,1,10,0,Clientes Ocasionales
3783,45,1,8,0,Clientes Ocasionales
3784,66,1,33,3,Clientes VIP
3785,53,1,46,3,Clientes VIP
3786,94,1,44,3,Clientes VIP
3787,47,1,28,1,Clientes Leales
3788,80,1,4,2,Clientes en Riesgo
3789,65,1,23,3,Clientes VIP
3790,75,1,32,3,Clientes VIP
3791,45,1,19,1,Clientes Leales
3792,51,1,49,3,Clientes VIP
3793,58,1,48,3,Clientes VIP
3794,20,1,4,1,Clientes Leales
3795,82,1,23,3,Clientes VIP
3796,92,1,47,3,Clientes VIP
3797,81,1,3,2,Clientes en Riesgo
3798,44,1,30,1,Clientes Leales
3799,72,1,27,3,Clientes VIP
3800,26,1,37,1,Clientes Leales
3801,26,1,38,1,Clientes Leales
3802,84,1,14,0,Clientes Ocasionales
3803,72,1,49,3,Clientes VIP
3804,55,1,36,3,Clientes VIP
3805,77,1,5,0,Clientes Ocasionales
3806,57,1,19,0,Clientes Ocasionales
3807,71,1,9,0,Clientes Ocasionales
3808,39,1,14,1,Clientes Leales
3809,28,1,44,1,Clientes Leales
3810,33,1,22,1,Clientes Leales
3811,79,1,21,3,Clientes VIP
3812,30,1,36,1,Clientes Leales
3813,75,1,43,3,Clientes VIP
3814,89,1,19,0,Clientes Ocasionales
3815,95,1,24,3,Clientes VIP
3816,44,1,38,1,Clientes Leales
3817,86,1,5,0,Clientes Ocasionales
3818,91,1,10,0,Clientes Ocasionales
3819,41,1,8,1,Clientes Leales
3820,99,1,5,0,Clientes Ocasionales
3821,65,1,16,0,Clientes Ocasionales
3822,48,1,16,0,Clientes Ocasionales
3823,41,1,33,1,Clientes Leales
3824,42,1,23,1,Clientes Leales
3825,26,1,19,1,Clientes Leales
3826,35,1,3,2,Clientes en Riesgo
3827,31,1,25,1,Clientes Leales
3828,73,1,3,2,Clientes en Riesgo
3829,82,1,42,3,Clientes VIP
3830,32,1,18,1,Clientes Leales
3831,27,1,17,1,Clientes Leales
3832,86,1,34,3,Clientes VIP
3833,38,1,23,1,Clientes Leales
3834,93,1,33,3,Clientes VIP
3835,59,1,33,3,Clientes VIP
3836,58,1,22,3,Clientes VIP
3837,84,1,12,0,Clientes Ocasionales
3838,100,1,17,0,Clientes Ocasionales
3839,25,1,26,1,Clientes Leales
3840,29,1,36,1,Clientes Leales
3841,42,1,45,1,Clientes Leales
3842,57,1,42,3,Clientes VIP
3843,84,1,8,0,Clientes Ocasionales
3844,71,1,2,2,Clientes en Riesgo
3845,87,1,10,0,Clientes Ocasionales
3846,52,1,4,2,Clientes en Riesgo
3847,58,1,10,0,Clientes Ocasionales
3848,34,1,19,1,Clientes Leales
3849,60,1,11,0,Clientes Ocasionales
3850,68,1,14,0,Clientes Ocasionales
3851,74,1,25,3,Clientes VIP
3852,83,1,26,3,Clientes VIP
3853,79,1,31,3,Clientes VIP
3854,76,1,1,2,Clientes en Riesgo
3855,20,1,46,1,Clientes Leales
3856,61,1,14,0,Clientes Ocasionales
3857,78,1,42,3,Clientes VIP
3858,21,1,21,1,Clientes Leales
3859,77,1,24,3,Clientes VIP
3860,88,1,3,2,Clientes en Riesgo
3861,64,1,6,0,Clientes Ocasionales
3862,57,1,1,2,Clientes en Riesgo
3863,49,1,41,3,Clientes VIP
3864,35,1,22,1,Clientes Leales
3865,99,1,49,3,Clientes VIP
3866,42,1,22,1,Clientes Leales
3867,32,1,17,1,Clientes Leales
3868,21,1,22,1,Clientes Leales
3869,29,1,41,1,Clientes Leales
3870,64,1,22,3,Clientes VIP
3871,46,1,31,1,Clientes Leales
3872,97,1,30,3,Clientes VIP
3873,94,1,47,3,Clientes VIP
3874,43,1,28,1,Clientes Leales
3875,54,1,17,0,Clientes Ocasionales
3876,51,1,29,3,Clientes VIP
3877,85,1,43,3,Clientes VIP
3878,96,1,4,0,Clientes Ocasionales
3879,42,1,26,1,Clientes Leales
3880,63,1,44,3,Clientes VIP
3881,20,1,10,1,Clientes Leales
3882,25,1,33,1,Clientes Leales
3883,95,1,26,3,Clientes VIP
3884,38,1,28,1,Clientes Leales
3885,29,1,47,1,Clientes Leales
3886,64,1,11,0,Clientes Ocasionales
3887,92,1,10,0,Clientes Ocasionales
3888,34,1,49,1,Clientes Leales
3889,69,1,36,3,Clientes VIP
3890,65,1,1,2,Clientes en Riesgo
3891,81,1,17,0,Clientes Ocasionales
3892,30,1,44,1,Clientes Leales
3893,86,1,45,3,Clientes VIP
3894,64,1,21,3,Clientes VIP
3895,78,1,6,0,Clientes Ocasionales
3896,28,1,18,1,Clientes Leales
3897,49,1,9,0,Clientes Ocasionales
3898,33,1,26,1,Clientes Leales
3899,77,1,26,3,Clientes VIP
3900,81,1,17,0,Clientes Ocasionales
